ticker,source_names,source_types,seed_hits,etf_hits,exchange,industryLink,industryName,quoteType,rank,regularMarketChange,regularMarketPercentChange,regularMarketPrice,shortName,name,ytd return,last price,sector_key,industry_key,source_count,source_type_count,sources,is_active,is_reserve,is_hard_exclusion,candidate_status,language,region,typeDisp,quoteSourceName,triggerable,customPriceAlertConfidence,longName,regularMarketOpen,averageDailyVolume3Month,averageDailyVolume10Day,corporateActions,fiftyTwoWeekLowChange,fiftyTwoWeekLowChangePercent,fiftyTwoWeekRange,fiftyTwoWeekHighChange,fiftyTwoWeekHighChangePercent,fiftyTwoWeekChangePercent,earningsTimestamp,earningsTimestampStart,earningsTimestampEnd,earningsCallTimestampStart,earningsCallTimestampEnd,isEarningsDateEstimate,trailingAnnualDividendRate,trailingAnnualDividendYield,marketState,epsTrailingTwelveMonths,epsForward,epsCurrentYear,priceEpsCurrentYear,sharesOutstanding,bookValue,fiftyDayAverage,fiftyDayAverageChange,fiftyDayAverageChangePercent,twoHundredDayAverage,twoHundredDayAverageChange,twoHundredDayAverageChangePercent,forwardPE,priceToBook,sourceInterval,exchangeDataDelayedBy,exchangeTimezoneName,exchangeTimezoneShortName,gmtOffSetMilliseconds,esgPopulated,tradeable,cryptoTradeable,ask,marketCap,bid,regularMarketChangePercent,currency,hasPrePostMarketData,firstTradeDateMilliseconds,priceHint,regularMarketTime,regularMarketDayHigh,regularMarketDayRange,regularMarketDayLow,regularMarketVolume,regularMarketPreviousClose,bidSize,askSize,market,messageBoardId,fullExchangeName,fiftyTwoWeekHigh,fiftyTwoWeekLow,averageAnalystRating,financialCurrency,displayName,symbol,lastCloseTevEbitLtm,lastClosePriceToNNWCPerShare,ipoExpectedDate,dividendDate,dividendYield,trailingPE,dividendRate,prevName,nameChangeDate,rating,market weight,Name,Holding Percent,etf_name,seed,growth estimate,target price,underlyingSymbol,sector,industry,priority_score,recent_bars,recent_score,recent_r63,recent_r126,recent_r252,scan_bars_if_added,scan_latest_rank_if_added,scan_latest_score_if_added,scan_days_top15_if_added,scan_days_top5_if_added,scan_top15_now_if_added,scan_top5_now_if_added,scan_rank_component,scan_persistence_component,scan_bars_component,scan_top5_share,scan_rel_recent_score,scan_rr_score,scan_breakout252_component,scan_trend200_component,scan_dist_sma220,scan_dd60,scan_r21,scan_entry_heat_flag,scan_pullback_quality,recent_rel_r63,recent_rel_r126,recent_rel_r252,scan_algo_compat_score,scan_algo_compat_score_v2,scan_recent_score_pct,scan_emerging_score,scan_emerging_score_v2,scan_algo_fit,scan_candidate_track
AXTI,"{'us:Technology', 'LRCX'}",custom_screen|industry_top_performing,,,NMS,,,EQUITY,,-8.849998,,58.5,AXT Inc,"AXT, Inc.",2.5774,58.49,technology,semiconductor-equipment-materials,2,2,LRCX|us:Technology,0,0,0,new,en-US,US,Equity,Nasdaq Real Time Price,True,HIGH,"AXT, Inc.",65.195,8809056.0,11087570.0,[],57.37,50.76991,1.13 - 70.88,-12.379997,-0.17466137,4245.1616,1771534800.0,1777579200.0,1777579200.0,1771536600.0,1771536600.0,True,0.0,0.0,REGULAR,-0.49,0.46667,0.004,14624.999,55573599.0,5.036,32.891,25.609001,0.7786021,13.12405,45.37595,3.4574654,125.35625,11.616363,15.0,0.0,America/New_York,EDT,-14400000.0,False,False,False,66.83,3251055616.0,50.93,-13.14031,USD,True,895757400000.0,2.0,1774553222.0,67.68,58.02 - 67.68,58.02,8886993.0,67.35,1.0,1.0,us_market,finmb_383981,NasdaqGS,70.88,1.13,,USD,AXT,AXTI,,,,,,,,,,,,,,,,,30.75,,,,19.9768115942029,3076,18.241970966944166,2.994535394181792,11.10766055196222,32.9999991683073,3161,1.0,21.373380109322703,674.0,182.0,1,1,1.0,1.0,1.0,0.27002967359050445,16.923124470864295,10.847206918460783,0.584202949658738,1.0,3.7428859572914286,-0.14552896761944167,0.4273858384140097,0,0.0,3.25425810278424,11.391438824435284,29.289243301333332,11.0,11.720551443385748,1.0,10.0,10.084202949658739,high,persistent_leader
PL,"{'RKLB', 'us:Industrials'}",custom_screen|industry_top_performing,,,NYQ,,,EQUITY,,-3.0900002,,32.28,Planet Labs PBC,Planet Labs PBC,0.6359,32.26,industrials,aerospace-defense,2,2,RKLB|us:Industrials,0,0,0,new,en-US,US,Equity,Nasdaq Real Time Price,False,LOW,Planet Labs PBC,34.97,13438058.0,22300780.0,[],29.489998,10.569892,2.79 - 37.05,-4.7700005,-0.12874496,850.8064,1773950400.0,1780516800.0,1780516800.0,1773954000.0,1773954000.0,True,0.0,0.0,REGULAR,-0.8,-0.02,-0.108,-298.88885,317596228.0,0.562,25.6628,6.617199,0.25785178,14.66945,17.61055,1.2004915,-1614.0,57.43772,15.0,0.0,America/New_York,EDT,-14400000.0,False,False,False,32.3,11010384896.0,32.29,-8.7362175,USD,True,1619443800000.0,2.0,1774553221.0,35.6938,32.2 - 35.6938,32.2,11692069.0,35.37,300.0,200.0,us_market,finmb_53838219,NYSE,37.05,2.79,1.7 - Buy,USD,,PL,,,,,,,,,,,,,,,,,31.1111,,,,20.367149758454104,1236,3.6298362235504564,0.5571635066140743,1.7057835669369035,7.090225238632199,1273,3.0,4.197338040379638,296.0,150.0,1,1,1.0,1.0,1.0,0.5067567567567568,3.3222661008813494,3.7156089915860138,0.7503937763317773,0.7872203353049813,1.3334964486930807,-0.08736217828387793,0.3105968282254772,0,0.0,0.6584095049005745,1.7692014818194708,6.207259017933615,10.975,11.878075223738811,0.9875,9.9375,10.162893776331778,high,persistent_leader
AAOI,"{'LITE', 'us:Technology'}",custom_screen|industry_top_growth|industry_top_performing,,,NGM,,,EQUITY,,-15.840004,,98.57,"Applied Optoelectronics, Inc.","Applied Optoelectronics, Inc.",1.8229,98.405,technology,communication-equipment,2,3,LITE|us:Technology,0,0,0,new,en-US,US,Equity,Nasdaq Real Time Price,False,LOW,"Applied Optoelectronics, Inc.",111.0,8030166.0,13557350.0,[],88.859,9.150345,9.711 - 128.96,-30.390007,-0.2356545,543.4758,1772139600.0,1778184000.0,1778184000.0,1772141400.0,1772141400.0,True,0.0,0.0,REGULAR,-0.64,3.1975,0.815,120.944786,77675124.0,9.786,65.4998,33.070198,0.50489,36.9247,61.645298,1.6694866,30.82721,10.072553,15.0,0.0,America/New_York,EDT,-14400000.0,False,False,False,126.09,7656437248.0,90.0,-13.844946,USD,True,1380202200000.0,2.0,1774553221.0,111.66,98.2 - 111.66,98.2,7788101.0,114.41,1.0,2.0,us_market,finmb_1043391,NasdaqGM,128.96,9.711,2.3 - Buy,USD,Applied Optoelectronics,AAOI,,,,,,,,,,,,,,,,0.9285714285714288,90.3,,,,20.16473429951691,3076,2.776459628499719,1.4273696272747856,2.696077114911214,3.53138714270069,3161,3.0,4.127522900516654,761.0,466.0,1,1,1.0,1.0,1.0,0.6123521681997371,2.644854211391873,1.5533817260300784,0.36199171070206915,1.0,1.775135838497662,-0.22330290125427577,0.697321094009514,0,0.0,1.5851959955912083,2.782705442001764,3.0368320886823135,10.95,11.727047194620978,0.975,9.875,9.561991710702069,high,persistent_leader
CIEN,"{'MU', 'WDC', 'growth_technology_stocks', 'LITE', 'technology', 'SNDK', 'LRCX'}",predefined_screen|sector_top_company|seed_peer,LITE|LRCX|MU|SNDK|WDC,,NYQ,,,EQUITY,,-42.590027,,395.11,Ciena Corporation,Ciena Corporation,,,technology,computer-hardware,7,3,LITE|LRCX|MU|SNDK|WDC|growth_technology_stocks|technology,0,0,0,new,en-US,US,Equity,Nasdaq Real Time Price,False,LOW,Ciena Corporation,428.47,3310193.0,3413410.0,[],345.9,7.029059,49.21 - 428.47,-33.360016,-0.07785846,452.1214,1772717400.0,1780576200.0,1780576200.0,1772717400.0,1772717400.0,True,0.0,0.0,REGULAR,1.58,8.25481,6.13636,64.38833,141398427.0,19.741,296.9788,98.131195,0.33043167,180.7043,214.40569,1.1865002,47.864212,20.01469,15.0,0.0,America/New_York,EDT,-14400000.0,False,False,False,392.27,55893622784.0,391.79,-9.730415,USD,True,855325800000.0,2.0,1774553219.0,428.47,390.5794 - 428.47,390.5794,2838586.0,437.7,100.0,300.0,us_market,finmb_26486,NYSE,428.47,49.21,2.1 - Buy,USD,Ciena,CIEN,129.827125,-89.50240694961839,,,,250.06961,,,,Buy,0.0026588768,,,,,,,,,,52.40048309178744,3076,2.7457547286300317,0.6436410650608393,1.8532763019273673,4.6892899871172915,3161,4.0,3.2345447814402286,356.0,163.0,1,1,1.0,1.0,1.0,0.45786516853932585,2.5455070353558336,3.6181273471261015,0.7209470901367059,0.7372771723426744,1.2219476979329604,-0.09766851845215296,0.11779502305984746,0,0.0,0.7505097912735543,1.9201511384306138,4.068361554322193,10.925,11.709049726026954,0.9625,9.8125,9.995947090136706,high,persistent_leader
AMPX,"{'VRT', 'us:Industrials', 'BE'}",custom_screen|industry_top_performing,,,NYQ,,,EQUITY,,-0.8600006,,17.07,"Amprius Technologies, Inc.","Amprius Technologies, Inc.",1.1591,17.035,industrials,electrical-equipment-parts,3,2,BE|VRT|us:Industrials,0,0,0,new,en-US,US,Equity,Nasdaq Real Time Price,False,LOW,"Amprius Technologies, Inc.",17.39,8869720.0,8159830.0,[],15.099999,7.664974,1.97 - 19.76,-2.6900005,-0.13613363,507.79663,1772658000.0,1778184000.0,1778184000.0,1772717400.0,1772717400.0,True,0.0,0.0,REGULAR,-0.35,0.10333,-0.06667,-256.0372,137019004.0,0.772,13.3126,3.7573996,0.28224385,10.10975,6.96025,0.68846905,165.19887,22.111399,15.0,0.0,America/New_York,EDT,-14400000.0,False,False,False,16.91,2338914304.0,16.89,-4.796434,USD,True,1663248600000.0,2.0,1774553219.0,18.1,16.79 - 18.1,16.79,4844383.0,17.93,100.0,200.0,us_market,finmb_54509692,NYSE,19.76,1.97,1.1 - Strong Buy,USD,Amprius,AMPX,,,,,,,,Kensington Capital Acquisition Corp. IV,2026-03-26,,,,,,,,20.0,,,,25.81111111111111,885,2.078997572119871,0.9592888258355614,0.5405769927321247,4.177272524649772,911,5.0,2.744218510410626,272.0,139.0,1,1,1.0,1.0,1.0,0.5110294117647058,1.8929003690639634,1.9839610487115191,0.6616541094387651,0.4522569833787123,0.7978919092476036,-0.11842106169643218,0.5447557356480428,0,0.0,1.086680812778953,0.5766848994357379,3.612225616834694,10.9,11.464376067455195,0.95,9.75,9.799154109438764,high,persistent_leader
STX,"{'MU', 'WDC', 'LITE', 'technology', 'SNDK', 'LRCX'}",industry_top_growth|industry_top_performing|sector_top_company|seed_peer,LITE|LRCX|MU|SNDK|WDC,,,,,,,,,,,Seagate Technology Holdings plc,0.3881,382.28,technology,computer-hardware,6,4,LITE|LRCX|MU|SNDK|WDC|technology,0,0,0,new,,,,,,,,,,,,,,,,,,,,,,,,,,,,,,,,,,,,,,,,,,,,,,,,,,,,,,,,,,,,,,,,,,,,,,,,,,,,,,,,,,,Buy,0.0040765353,,,,,4.829457364341085,475.354,,,,44.76714975845411,3076,1.6902960468222479,0.35074259803017016,0.7075994432076662,3.3427693748328684,3161,5.0,2.069855007867192,237.0,46.0,1,1,1.0,0.838,1.0,0.1940928270042194,1.5342822617973164,2.0882391164776766,0.5868187932100654,0.3214442359476532,0.5608797640472545,-0.14461342237647712,-0.09448859853603886,0,1.0,0.4385672112996095,0.7476220072686404,2.868800041574846,10.389,10.96640064449885,0.9375,9.6875,9.999318793210065,high,persistent_leader
FIX,"{'VRT', 'RKLB', 'industrials', 'BE'}",sector_top_company|seed_peer,BE|RKLB|VRT,,,,,,,,,,,"Comfort Systems USA, Inc.",,,industrials,electrical-equipment-parts,4,2,BE|RKLB|VRT|industrials,0,0,0,new,,,,,,,,,,,,,,,,,,,,,,,,,,,,,,,,,,,,,,,,,,,,,,,,,,,,,,,,,,,,,,,,,,,,,,,,,,,,,,,,,,,Strong Buy,0.007356355,,,,,,,,,,30.267149758454106,3076,1.4414761204810436,0.41701104066342354,0.7283752854588406,2.666809495412056,3161,6.0,1.7236071359148977,809.0,115.0,1,0,0.7,1.0,1.0,0.14215080346106304,1.3160285329936525,2.6608804423599395,0.8004754543809217,0.3300825125581617,0.5629422855815724,-0.0698335909666774,-0.05698334176953146,0,1.0,0.5091443951798784,0.7688847918649448,2.266614343029247,9.325,10.161735583624514,0.9125,8.3625,9.212975454380922,high,persistent_leader
RIG,"{'energy', 'us:Energy'}",custom_screen|sector_top_company,,,NYQ,,,EQUITY,,0.119999886,,6.89,Transocean Ltd (Switzerland),Transocean Ltd.,,,energy,,2,2,energy|us:Energy,0,0,0,new,en-US,US,Equity,Nasdaq Real Time Price,False,LOW,Transocean Ltd.,6.75,46169471.0,38493370.0,[],4.92,2.497462,1.97 - 6.96,-0.07000017,-0.010057496,105.15151,1771534800.0,1777924800.0,1777924800.0,1771596000.0,1771596000.0,True,0.0,0.0,REGULAR,-3.04,0.12159,0.19952,34.53288,1102848748.0,7.361,5.732,1.158,0.20202373,4.01045,2.87955,0.71801174,56.66584,0.9360141,15.0,0.0,America/New_York,EDT,-14400000.0,False,False,False,6.89,7598627840.0,6.88,1.7725241,USD,True,738595800000.0,2.0,1774553217.0,6.945,6.71 - 6.945,6.71,21112807.0,6.77,22500.0,17900.0,us_market,finmb_407172,NYSE,6.96,1.97,,USD,Transocean,RIG,,,,1442966400.0,,,,,,Hold,0.0023698744,,,,,,,,,,19.368599033816423,3076,0.9767852401313799,0.7096772972161349,0.8928570516255463,1.194267400094836,3161,7.0,1.2421949746211125,351.0,148.0,1,0,0.7,1.0,1.0,0.42165242165242167,0.92097072688537,1.7285257157545966,1.0,0.4729627233988998,0.7653087010139825,0.0,0.07488300007796034,0,0.0,0.8208396664658486,0.9372216670558742,0.9547853169246265,9.25,10.18293005569176,0.875,8.175,8.837499999999999,high,persistent_leader
TER,"{'MU', 'WDC', 'LITE', 'technology', 'SNDK', 'LRCX'}",sector_top_company|seed_peer,LITE|LRCX|MU|SNDK|WDC,,,,,,,,,,,"Teradyne, Inc.",,,technology,computer-hardware,6,2,LITE|LRCX|MU|SNDK|WDC|technology,0,0,0,new,,,,,,,,,,,,,,,,,,,,,,,,,,,,,,,,,,,,,,,,,,,,,,,,,,,,,,,,,,,,,,,,,,,,,,,,,,,,,,,,,,,Buy,0.0022379889,,,,,,,,,,42.26714975845411,3076,1.53886631205599,0.5123426307659005,1.2535845437787247,2.3374099209782995,3161,6.0,1.7949260726540683,325.0,48.0,1,0,0.7,0.844,1.0,0.1476923076923077,1.4339625824356204,2.36896929427018,0.6447949010590518,0.46573421808356547,0.7859210331905588,-0.12432178462933186,-0.12432178462933186,0,1.0,0.6106743979520384,1.3064038581261097,1.9731653989869216,8.882,9.83330977917788,0.925,8.425,9.107294901059053,high,persistent_leader
APA,"{'energy', 'us:Energy'}",custom_screen|sector_top_company,,,NMS,,,EQUITY,,1.2449989,,42.565,APA Corporation,APA Corporation,,,energy,,2,2,energy|us:Energy,0,0,0,new,en-US,US,Equity,Nasdaq Real Time Price,True,HIGH,APA Corporation,41.83,7643056.0,10906050.0,"[{'header': 'Dividend', 'message': 'APA announced a cash dividend of $0.25 with an ex-date of Apr. 22, 2026', 'meta': {'eventType': 'DIVIDEND', 'dateEpochMs': 1776830400000, 'amount': '0.25'}}]",28.984999,2.1343887,13.58 - 43.22,-0.6550026,-0.015155081,94.90566,1772053200.0,1778097600.0,1778097600.0,1772121600.0,1772121600.0,True,1.0,0.024201356,REGULAR,3.99,3.13322,3.49679,12.172592,353251476.0,17.262,29.966,12.598999,0.42044315,24.3004,18.264599,0.7516172,13.585066,2.465821,15.0,0.0,America/New_York,EDT,-14400000.0,False,False,False,44.93,15036148736.0,40.38,3.013066,USD,True,295623000000.0,2.0,1774553218.0,43.22,41.8 - 43.22,41.8,6918301.0,41.32,1.0,1.0,us_market,finmb_169838,NasdaqGS,43.22,13.58,2.9 - Hold,USD,APA,APA,,,,1779408000.0,2.42,10.667919,1.0,Apache Corporation,2026-03-26,Hold,0.004693335,,,,,,,,,,19.3231884057971,3076,0.8614942332101285,0.7471264493813488,0.7428337936250349,1.037338564709612,3161,11.0,1.0110905850914234,281.0,89.0,1,0,0.45,0.967,1.0,0.3167259786476868,0.8116110900782229,2.013745447268918,1.0,0.49522015187828056,0.7882660878747632,0.0,0.5287356731330626,1,0.0,0.8607237439165867,0.7836821772611648,0.8149836759760989,7.851,8.198758069774655,0.85,7.05,7.218750000000001,medium,emerging_leader
NBIS,"{'us:Communication Services', 'communication-services'}",custom_screen|sector_top_company,,,NMS,,,EQUITY,,-9.489998,,105.6,Nebius Group N.V.,,,,communication-services,,2,2,communication-services|us:Communication Services,0,0,0,new,en-US,US,Equity,Nasdaq Real Time Price,True,HIGH,,113.255,14641381.0,22580390.0,[],87.29,4.7673407,18.31 - 141.1,-35.500008,-0.25159466,352.93192,1770903000.0,1777465800.0,1777465800.0,1770901200.0,1770901200.0,True,0.0,0.0,REGULAR,0.12,-0.68888,-2.36406,-44.66892,219465088.0,18.233,100.0814,5.5186005,0.05514112,87.585526,18.014473,0.20567866,-153.2923,5.7916965,15.0,0.0,America/New_York,EDT,-14400000.0,False,False,False,120.41,26718593024.0,92.7,-8.245719,USD,True,1729517400000.0,2.0,1774553221.0,113.2999,105.52 - 113.2999,105.52,11199243.0,115.09,1.0,1.0,us_market,finmb_52034495,NasdaqGS,141.1,18.31,1.6 - Buy,USD,Nebius,NBIS,,,,,,880.0,,Yandex N.V.,2026-03-26,Buy,0.0038005686,,,,,,,,,,19.292270531400966,358,1.1637236401589013,0.17371986673007678,-0.06676680176504957,2.8892159687972647,369,6.0,1.5663417115955158,95.0,43.0,1,0,0.7,0.46149999999999997,1.0,0.45263157894736844,1.0179483641297051,1.1478295948824957,0.371664654438298,0.1352215889321656,0.26660559887720137,-0.18621491565656267,-0.004240525499338177,0,1.0,0.25003454987737217,-0.04489376496549147,2.464747400351068,7.6845,8.722063324969648,0.9,8.3,8.521664654438299,medium,persistent_leader
WBD,"{'us:Communication Services', 'communication-services'}",custom_screen|sector_top_company,,,NMS,,,EQUITY,,-0.06499863,,27.155,"Warner Bros. Discovery, Inc. - ","Warner Bros. Discovery, Inc.",,,communication-services,,2,2,communication-services|us:Communication Services,0,0,0,new,en-US,US,Equity,Nasdaq Real Time Price,True,HIGH,"Warner Bros. Discovery, Inc.",27.16,25828045.0,30531770.0,[],19.635,2.6110373,7.52 - 30.0,-2.8449993,-0.09483331,147.2298,1772112600.0,1778157000.0,1778157000.0,1772110800.0,1772110800.0,True,0.0,0.0,REGULAR,0.29,-0.01667,-0.0975,-278.51285,2481014551.0,14.483,27.9872,-0.8321991,-0.02973499,20.62885,6.5261497,0.31636032,-1628.9742,1.874957,15.0,0.0,America/New_York,EDT,-14400000.0,False,False,False,28.0,67371950080.0,25.03,-0.23878996,USD,True,1120829400000.0,2.0,1774553219.0,27.22,27.13 - 27.22,27.13,11407496.0,27.22,2.0,3.0,us_market,finmb_22666093,NasdaqGS,30.0,7.52,3.1 - Hold,USD,Warner Bros. Discovery,WBD,,,,,,93.63794,,"Discovery, Inc.",2026-03-26,Hold,0.0095806075,,,,,,,,,,19.25700483091787,3076,0.7235977523192471,-0.0684390723153413,0.3700807822785561,1.4731331346772323,3161,11.0,0.9503121942909983,217.0,69.0,1,0,0.45,0.9069999999999999,1.0,0.31797235023041476,0.6405894282970549,4.52183420575197,0.7307730011697666,0.20717392749643762,0.3787843260186339,-0.0684390723153413,-0.06038058667536783,0,1.0,-0.007869443186788394,0.40219261394702355,1.2032156783890078,7.646,8.859890507430139,0.8375,6.9875,8.055773001169767,medium,fringe
KEYS,"{'MU', 'WDC', 'LITE', 'technology', 'SNDK', 'LRCX'}",sector_top_company|seed_peer,LITE|LRCX|MU|SNDK|WDC,,,,,,,,,,,"Keysight Technologies, Inc.",,,technology,computer-hardware,6,2,LITE|LRCX|MU|SNDK|WDC|technology,0,0,0,new,,,,,,,,,,,,,,,,,,,,,,,,,,,,,,,,,,,,,,,,,,,,,,,,,,,,,,,,,,,,,,,,,,,,,,,,,,,,,,,,,,,Buy,0.0023091421,,,,,,,,,,42.26714975845411,2875,0.637052351760423,0.377052446521011,0.620549330392802,0.7835553257477499,2955,13.0,0.7597492959149067,213.0,47.0,1,0,0.45,0.841,1.0,0.22065727699530516,0.5922895150899183,1.131932934871345,0.7206428462948653,0.29310027363509006,0.4631369374658927,-0.09777500379679716,-0.06466337448193937,0,1.0,0.4665877130801708,0.6585316216424293,0.5888983095422811,7.423,8.431603148953279,0.825,6.924999999999999,7.733142846294865,medium,fringe
GLW,"{'MU', 'WDC', 'LITE', 'us:Technology', 'technology', 'SNDK', 'LRCX'}",custom_screen|sector_top_company|seed_peer,LITE|LRCX|MU|SNDK|WDC,,NYQ,,,EQUITY,,-10.090012,,136.26,Corning Incorporated,Corning Incorporated,,,technology,computer-hardware,7,3,LITE|LRCX|MU|SNDK|WDC|technology|us:Technology,0,0,0,new,en-US,US,Equity,Nasdaq Real Time Price,False,LOW,Corning Incorporated,142.4,11006525.0,12603100.0,[],98.95,2.652104,37.31 - 162.1,-25.840012,-0.15940784,214.32559,1777379400.0,1777379400.0,1777379400.0,1777379400.0,1777379400.0,False,1.12,0.0076528867,REGULAR,1.83,3.91335,3.11526,43.73953,859014837.0,13.777,124.096,12.163994,0.09802084,86.3992,49.860794,0.5770979,34.81927,9.890396,15.0,0.0,America/New_York,EDT,-14400000.0,False,False,False,135.25,117049360384.0,135.13,-6.8944387,USD,True,378657000000.0,2.0,1774553223.0,143.0,134.5 - 143.0,134.5,8263279.0,146.35,200.0,300.0,us_market,finmb_173840,NYSE,162.1,37.31,1.6 - Buy,USD,,GLW,,,,1774828800.0,0.77,74.459015,1.12,,,Buy,0.0055663427,,,,,,,,,,52.890338164251204,3076,1.0993496893918613,0.5249609478143926,0.7049180233959178,1.780975726176539,3161,7.0,1.2718284698363571,41.0,0.0,1,0,0.7,0.1435,1.0,0.0,1.0137578729939523,1.6025266282551365,0.5691937153368357,0.37941080574804964,0.6336827252960744,-0.15078219963210748,-0.15078219963210748,0,1.0,0.6241131517117968,0.7448777405775393,1.4774603660514427,6.7055,7.87361271265093,0.8875,8.237499999999999,8.744193715336836,medium,emerging_leader
GEV,"{'industrials', 'VRT', 'us:Industrials', 'XLI', 'RKLB', 'BE'}",custom_screen|etf_holding|sector_top_company|seed_peer,BE|RKLB|VRT,XLI,NYQ,,,EQUITY,,-42.23999,,881.45,GE Vernova Inc.,GE Vernova Inc.,,,industrials,electrical-equipment-parts,6,4,BE|RKLB|VRT|XLI|industrials|us:Industrials,0,0,0,new,en-US,US,Equity,Nasdaq Real Time Price,False,LOW,GE Vernova Inc.,915.0,2830350.0,2716490.0,[],629.2,2.494351,252.25 - 948.38,-66.92999,-0.07057297,204.84819,1776861000.0,1776861000.0,1776861000.0,1776857400.0,1776857400.0,False,1.25,0.0013532678,REGULAR,17.73,22.94732,14.30494,61.618572,269529464.0,41.472,791.5062,89.94379,0.11363623,646.7369,234.71313,0.36291906,38.411892,21.254099,15.0,0.0,America/New_York,EDT,-14400000.0,False,False,False,877.5,239155412992.0,876.82,-4.572962,USD,True,1711546200000.0,2.0,1774553223.0,917.2636,875.0 - 917.2636,875.0,2190156.0,923.69,120.0,160.0,us_market,finmb_1818848396,NYSE,948.38,252.25,1.5 - Buy,USD,GE Vernova,GEV,,,2024-04-02,1776124800.0,0.16,49.715176,1.5,GE Vernova LLC,2026-03-26,Buy,0.036480635,GE Vernova Inc,0.0436343,State Street Industrial Select ,BE,,,,,,48.48454106280193,501,0.8757768556601675,0.33257990973127094,0.40139440452656006,1.621757779758223,516,11.0,1.0354472494903546,148.0,7.0,1,0,0.45,0.539,1.0,0.0472972972972973,0.7917885625915322,2.0719502947979502,0.8692975077565346,0.23911945138709742,0.3953203525037696,-0.045745872285212874,0.006192837675930374,0,0.0,0.41922359402274645,0.4342401620916345,1.3356194473758225,6.5920000000000005,7.571897472783475,0.8625,7.112500000000001,7.9255475077565345,medium,emerging_leader
CDE,"{'basic-materials', 'most_actives', 'us:Basic Materials'}",custom_screen|predefined_screen|sector_top_company,,,NYQ,,,EQUITY,,-1.6098995,,16.2301,"Coeur Mining, Inc.","Coeur Mining, Inc.",,,basic-materials,,3,3,basic-materials|most_actives|us:Basic Materials,0,0,0,new,en-US,US,Equity,Nasdaq Real Time Price,False,LOW,"Coeur Mining, Inc.",17.18,28205306.0,45268550.0,[],11.650101,2.5436902,4.58 - 27.77,-11.5399,-0.41555274,181.38802,1771448400.0,1778097600.0,1778097600.0,1771516800.0,1771516800.0,True,0.0,0.0,REGULAR,0.95,2.81667,2.38222,6.813015,1035097555.0,5.16,22.4476,-6.217499,-0.27697834,16.4561,-0.22599983,-0.013733499,5.7621593,3.1453683,15.0,0.0,America/New_York,EDT,-14400000.0,False,False,False,16.39,16804808704.0,16.38,-9.024101,USD,True,322151400000.0,2.0,1774553220.0,17.505,16.23 - 17.505,16.23,29587729.0,17.84,2900.0,1600.0,us_market,finmb_262033,NYSE,27.77,4.58,1.6 - Buy,USD,Coeur Mining,CDE,15.253035,-28.935200164042463,,,,17.084316,,,,Buy,0.0066046463,,,,,,,,,,23.541545893719807,3076,0.5650836756177579,-0.1498113932956846,-0.06830651201886939,1.5559213977111064,3161,22.0,0.6982845604645447,625.0,324.0,0,0,0.15,1.0,1.0,0.5184,0.4732930405531707,0.6817231037090802,0.0,0.0,0.03150065284156578,-0.40220622984331145,-0.3399715115493488,0,0.0,-0.09453255208731526,-0.046469562811465304,1.2769684402380497,6.35,6.6983999999999995,0.8,5.6000000000000005,5.4125,low,fringe
PR,"{'energy', 'us:Energy'}",custom_screen|sector_top_company,,,NYQ,,,EQUITY,,0.4850006,,21.405,Permian Resources Corporation,Permian Resources Corporation,,,energy,,2,2,energy|us:Energy,0,0,0,new,en-US,US,Equity,Nasdaq Real Time Price,False,LOW,Permian Resources Corporation,21.08,12668791.0,15054790.0,[],11.395,1.1383617,10.01 - 21.6866,-0.28159904,-0.012984933,49.964153,1772053200.0,1778097600.0,1778097600.0,1772118000.0,1772118000.0,True,0.6,0.02868069,REGULAR,1.28,1.67477,1.35526,15.794018,812013436.0,13.785,17.3974,4.007601,0.2303563,14.5886,6.8164005,0.4672416,12.78086,1.5527748,15.0,0.0,America/New_York,EDT,-14400000.0,False,False,False,21.44,18140198912.0,21.43,2.3183587,USD,True,1460727000000.0,2.0,1774553218.0,21.6866,21.0 - 21.6866,21.0,9204377.0,20.92,2600.0,2600.0,us_market,finmb_323581924,NYSE,21.6866,10.01,1.5 - Strong Buy,USD,Permian Resources,PR,,,,1774915200.0,2.92,16.722656,0.61,"Centennial Resource Development, Inc.",2026-03-26,Strong Buy,0.005656138,,,,,,,,,,19.42898550724638,2501,0.533523145043659,0.5259971008029001,0.5673005938174835,0.5035087183902138,2571,23.0,0.6683704819016925,461.0,282.0,0,0,0.15,1.0,1.0,0.6117136659436009,0.5024236555812536,1.7616143565394788,1.0,0.30984961843658637,0.4777784026635661,0.0,0.2166381882159869,0,0.0,0.6252166748533121,0.6040348459094331,0.33941595561704485,6.3,7.860123437005552,0.775,5.4750000000000005,6.737500000000001,medium,fringe
DELL,"{'MU', 'WDC', 'growth_technology_stocks', 'LITE', 'us:Technology', 'technology', 'SNDK', 'LRCX'}",custom_screen|industry_top_performing|predefined_screen|sector_top_company|seed_peer,LITE|LRCX|MU|SNDK|WDC,,NYQ,,,EQUITY,,-7.1299896,,176.88,Dell Technologies Inc.,Dell Technologies Inc.,0.4034,176.66,technology,computer-hardware,8,5,LITE|LRCX|MU|SNDK|WDC|growth_technology_stocks|technology|us:Technology,0,0,0,new,en-US,US,Equity,Nasdaq Real Time Price,False,LOW,Dell Technologies Inc.,182.71,8490155.0,8499220.0,[],110.630005,1.6698868,66.25 - 186.39,-9.5099945,-0.051022023,57.970142,1779998400.0,1779998400.0,1779998400.0,1780000200.0,1780000200.0,False,2.1,0.011412423,REGULAR,8.69,14.47155,12.79821,13.820683,318358135.0,-3.788,128.5888,48.2912,0.37554744,131.70815,45.17186,0.34296936,12.222603,-46.694824,15.0,0.0,America/New_York,EDT,-14400000.0,False,False,False,176.97,117216542720.0,176.8,-3.874784,USD,True,1471440600000.0,2.0,1774553220.0,186.39,176.33 - 186.39,176.33,9202020.0,184.01,100.0,400.0,us_market,finmb_266017,NYSE,186.39,66.25,1.8 - Buy,USD,Dell,DELL,14.047391,-1.3712611106167008,,1777593600.0,1.37,20.354431,2.52,,,Buy,0.0055764304,,,,,,168.609,,,,61.324154589371986,2415,0.5286411275621843,0.3861071968766949,0.33920061455643924,0.7893486059106738,2483,19.0,0.7183840344289817,270.0,34.0,0,0,0.15,0.8019999999999999,1.0,0.1259259259259259,0.48110543631949665,0.8102268358250108,0.8895247859700874,0.2203070155627674,0.34994422985839835,-0.038666324910469396,0.43258017058134457,0,0.0,0.476231198809566,0.37058867959697284,0.5940593117969857,5.781,6.607475006845639,0.7625,5.512499999999999,6.289524785970087,low,fringe
CF,"{'basic-materials', 'us:Basic Materials'}",custom_screen|sector_top_company,,,NYQ,,,EQUITY,,3.5399933,,131.65,"CF Industries Holdings, Inc.","CF Industries Holdings, Inc.",,,basic-materials,,2,2,basic-materials|us:Basic Materials,0,0,0,new,en-US,US,Equity,Nasdaq Real Time Price,False,LOW,"CF Industries Holdings, Inc.",130.12,3758264.0,8920680.0,[],64.31,0.95500445,67.34 - 137.44,-5.7900085,-0.042127535,62.56671,1778097600.0,1778097600.0,1778097600.0,1778166000.0,1778166000.0,False,2.0,0.015611583,REGULAR,8.97,7.61578,10.17985,12.93241,153616434.0,31.507,99.8364,31.813591,0.31865722,89.9244,41.725594,0.46400747,17.286476,4.1784363,15.0,0.0,America/New_York,EDT,-14400000.0,False,False,False,132.12,20230498304.0,132.0,2.763245,USD,True,1123767000000.0,2.0,1774553203.0,132.81,129.53 - 132.81,129.53,2699777.0,128.11,100.0,100.0,us_market,finmb_22357184,NYSE,137.44,67.34,3.0 - Hold,USD,CF Industries,CF,,,,1772150400.0,1.56,14.676699,2.0,,,Hold,0.013001756,,,,,,,,,,19.06425120772947,3076,0.613756660869966,0.6851803647854329,0.4367702180408497,0.7550312517413487,3161,28.0,0.581539607423361,284.0,80.0,0,0,0.0,0.94,1.0,0.28169014084507044,0.5725229752744774,1.2056178941113833,0.9092435436088496,0.30212758869788914,0.45461037436806495,-0.031764759736902626,0.36966916488205714,0,0.0,0.7947499556477977,0.47044511078057916,0.5634873495817152,5.345,6.642762820229114,0.8125,4.9625,6.18424354360885,low,fringe
EQT,"{'energy', 'us:Energy'}",custom_screen|sector_top_company,,,NYQ,,,EQUITY,,-0.7839966,,67.146,EQT Corporation,EQT Corporation,,,energy,,2,2,energy|us:Energy,0,0,0,new,en-US,US,Equity,Nasdaq Real Time Price,False,LOW,EQT Corporation,67.875,10198508.0,9375680.0,[],23.576004,0.54110634,43.57 - 67.99,-0.84399414,-0.0124135045,29.835629,1771362000.0,1776801600.0,1776801600.0,1771426800.0,1771426800.0,True,0.638,0.009392021,REGULAR,3.31,4.63912,4.67715,14.35618,624274000.0,38.061,58.8346,8.311405,0.1412673,55.76945,11.376553,0.20399255,14.473866,1.7641681,15.0,0.0,America/New_York,EDT,-14400000.0,False,False,False,67.12,41917501440.0,67.1,-1.1541243,USD,True,322151400000.0,2.0,1774553214.0,67.875,67.001 - 67.875,67.001,3962934.0,67.93,300.0,300.0,us_market,finmb_269924,NYSE,67.99,43.57,1.6 - Buy,USD,EQT,EQT,,,,1772409600.0,0.97,20.285803,0.66,,,Buy,0.01307239,,,,,,,,,,19.408212560386474,3076,0.24791754404122174,0.23209458993788945,0.26551988112633307,0.23822668400777647,3161,69.0,0.25832432685727424,228.0,133.0,0,0,0.0,1.0,1.0,0.5833333333333334,0.2217480715665281,0.8000360593284968,0.9681940361146278,0.13544465031838934,0.20326654280290946,-0.01113208735988025,0.13125288647883848,0,0.0,0.31220476861328406,0.295181023681915,0.1030867709277632,5.15,6.380516545193143,0.6,3.9499999999999997,5.036944036114628,low,fringe
MPWR,"{'MU', 'WDC', 'LITE', 'technology', 'SNDK', 'LRCX'}",sector_top_company|seed_peer,LITE|LRCX|MU|SNDK|WDC,,,,,,,,,,,"Monolithic Power Systems, Inc.",,,technology,computer-hardware,6,2,LITE|LRCX|MU|SNDK|WDC|technology,0,0,0,new,,,,,,,,,,,,,,,,,,,,,,,,,,,,,,,,,,,,,,,,,,,,,,,,,,,,,,,,,,,,,,,,,,,,,,,,,,,,,,,,,,,Strong Buy,0.0024962295,,,,,,,,,,42.26714975845411,3076,0.3709470412051024,0.13140273222484877,0.17511697928889625,0.6865492576114354,3161,30.0,0.5635432144277235,196.0,0.0,0,0,0.0,0.6859999999999999,1.0,0.0,0.3230486907827008,0.8215302943518895,0.6186883198906622,0.09473530950028601,0.16964664738665913,-0.13345908803826823,-0.13345908803826823,0,1.0,0.20496597629114355,0.20265926666185408,0.5024794721493262,4.558,5.5272541776345685,0.675,4.525,5.481188319890662,low,fringe
EME,"{'VRT', 'RKLB', 'industrials', 'BE'}",sector_top_company|seed_peer,BE|RKLB|VRT,,,,,,,,,,,"EMCOR Group, Inc.",,,industrials,electrical-equipment-parts,4,2,BE|RKLB|VRT|industrials,0,0,0,new,,,,,,,,,,,,,,,,,,,,,,,,,,,,,,,,,,,,,,,,,,,,,,,,,,,,,,,,,,,,,,,,,,,,,,,,,,,,,,,,,,,Buy,0.00498529,,,,,,,,,,30.267149758454106,3076,0.407994618447434,0.16701561410961818,0.16537656431992165,0.7711021747438542,3161,34.0,0.512618744667927,271.0,0.0,0,0,0.0,0.7,1.0,0.0,0.35677681828404717,1.0931938725171209,0.7096421749462121,0.08572323841546876,0.15714825160609092,-0.10162523876882579,-0.08931153210500264,0,1.0,0.2428943900792535,0.192690556712094,0.5778042939583972,4.5249999999999995,5.645969248017008,0.7,4.5249999999999995,5.722142174946212,low,fringe
OKE,"{'energy', 'us:Energy'}",custom_screen|sector_top_company,,,NYQ,,,EQUITY,,1.3899994,,93.51,"ONEOK, Inc.","ONEOK, Inc.",,,energy,,2,2,energy|us:Energy,0,0,0,new,en-US,US,Equity,Nasdaq Real Time Price,False,LOW,"ONEOK, Inc.",91.85,4937295.0,5836800.0,[],29.490005,0.46063742,64.02 - 101.27,-7.7599945,-0.076626785,-6.647748,1771880400.0,1777406400.0,1777406400.0,1771948800.0,1771948800.0,True,4.16,0.045158487,REGULAR,5.42,6.03702,5.60856,16.67273,629783634.0,35.707,82.888,10.622002,0.12814885,76.5548,16.9552,0.22147794,15.48943,2.6188142,15.0,0.0,America/New_York,EDT,-14400000.0,False,False,False,93.66,58891067392.0,93.63,1.5089008,USD,True,339255000000.0,2.0,1774553218.0,94.29,91.81 - 94.29,91.81,2429626.0,92.12,400.0,100.0,us_market,finmb_293889,NYSE,101.27,64.02,2.0 - Buy,USD,ONEOK,OKE,,,,1770940800.0,4.52,17.252768,4.16,,,Buy,0.018363552,,,,,,,,,,19.285024154589372,3076,0.12825891320278276,0.2736182783096395,0.2699877817837768,-0.08614963793163966,3161,88.0,0.17252367303625055,180.0,1.0,0,0,0.0,0.633,1.0,0.005555555555555556,0.1168322552375889,0.4495664513398446,0.7827373828279773,0.14742592185538417,0.21218899824869575,0.0,0.13709284086833406,0,0.0,0.35642830659227087,0.2997536425980769,-0.18588715780024012,3.799,4.401253538365572,0.425,3.175,3.8702373828279777,weak,fringe
GWW,"{'VRT', 'RKLB', 'industrials', 'BE'}",sector_top_company|seed_peer,BE|RKLB|VRT,,,,,,,,,,,"W.W. Grainger, Inc.",,,industrials,electrical-equipment-parts,4,2,BE|RKLB|VRT|industrials,0,0,0,new,,,,,,,,,,,,,,,,,,,,,,,,,,,,,,,,,,,,,,,,,,,,,,,,,,,,,,,,,,,,,,,,,,,,,,,,,,,,,,,,,,,Hold,0.007682908,,,,,,,,,,30.267149758454106,3076,0.0833350015563657,0.0382702759928748,0.11559607642572867,0.07360628946874814,3161,97.0,0.0929953772853592,151.0,46.0,0,0,0.0,0.6665,1.0,0.304635761589404,0.06042615673313706,0.3021998745076659,0.6688126150777998,0.026558432516123148,0.03428787045971737,-0.11591558472277008,-0.04842110507948094,0,1.0,0.10577809398218463,0.1417433181647214,-0.0435669733229711,3.7495,4.683158390145757,0.3375,2.7625,3.5688126150777997,weak,fringe
ODFL,"{'VRT', 'RKLB', 'industrials', 'BE'}",sector_top_company|seed_peer,BE|RKLB|VRT,,,,,,,,,,,"Old Dominion Freight Line, Inc.",,,industrials,electrical-equipment-parts,4,2,BE|RKLB|VRT|industrials,0,0,0,new,,,,,,,,,,,,,,,,,,,,,,,,,,,,,,,,,,,,,,,,,,,,,,,,,,,,,,,,,,,,,,,,,,,,,,,,,,,,,,,,,,,Hold,0.006011131,,,,,,,,,,30.267149758454106,3076,0.22065362265035504,0.1869877983554138,0.3347511841625319,0.1233889732856488,3161,70.0,0.25362290434613916,150.0,0.0,0,0,0.0,0.5249999999999999,1.0,0.0,0.19955999042608497,0.4790024761374019,0.6311445177598376,0.11714773545266584,0.17227470032646153,-0.12909941878405684,-0.01784036631919561,0,1.0,0.26416515583131917,0.36603496384874346,0.0007824343008093759,3.6999999999999997,4.662725351927501,0.55,3.7750000000000004,4.656144517759837,weak,fringe
NU,"{'us:Financial Services', 'financial-services', 'most_actives'}",custom_screen|predefined_screen|sector_top_company,,,NYQ,,,EQUITY,,-0.26989937,,14.0501,Nu Holdings Ltd.,Nu Holdings Ltd.,,,financial-services,,3,3,financial-services|most_actives|us:Financial Services,0,0,0,new,en-US,US,Equity,Nasdaq Real Time Price,False,LOW,Nu Holdings Ltd.,14.13,54411896.0,54785890.0,[],5.0401,0.5593896,9.01 - 18.98,-4.929899,-0.2597418,29.125332,1778788800.0,1778788800.0,1778788800.0,1772056800.0,1772056800.0,False,0.0,0.0,REGULAR,0.58,1.16435,0.90235,15.570566,3833072934.0,2.325,16.2158,-2.165699,-0.13355488,15.2167,-1.1665993,-0.07666572,12.066904,6.0430536,15.0,0.0,America/New_York,EDT,-14400000.0,False,False,False,14.05,68223193088.0,14.04,-1.8847722,USD,True,1639060200000.0,2.0,1774553222.0,14.325,13.93 - 14.325,13.93,48732663.0,14.32,11500.0,9300.0,us_market,finmb_412550767,NYSE,18.98,9.01,1.3 - Strong Buy,USD,Nu,NU,,-6.5082885568797195,2021-12-09,,,24.224312,,,,Strong Buy,0.006582659,,,,,,,,,,24.00772946859903,1077,0.014695335404385418,-0.15991052532090633,-0.12055592838138296,0.23724952955279965,1110,107.0,0.06950828550776164,181.0,10.0,0,0,0.0,0.6635,1.0,0.055248618784530384,-0.020148598276583038,0.03497606478261343,0.2872219945355885,0.0,-0.05951887286393753,-0.249472301912544,-0.15436035372439905,0,0.0,-0.10528832466401261,-0.0999435963532801,0.1022162629938288,3.6654999999999998,3.598531815505884,0.2375,2.3875,2.2809719945355886,weak,fringe
URI,"{'VRT', 'RKLB', 'industrials', 'BE'}",sector_top_company|seed_peer,BE|RKLB|VRT,,,,,,,,,,,"United Rentals, Inc.",,,industrials,electrical-equipment-parts,4,2,BE|RKLB|VRT|industrials,0,0,0,new,,,,,,,,,,,,,,,,,,,,,,,,,,,,,,,,,,,,,,,,,,,,,,,,,,,,,,,,,,,,,,,,,,,,,,,,,,,,,,,,,,,Buy,0.007202328,,,,,,,,,,30.267149758454106,3076,-0.04688976914615726,-0.09251082154807877,-0.20687556989320255,0.1359065578018488,3161,125.0,-0.004006305853953729,241.0,19.0,0,0,0.0,0.7569999999999999,1.0,0.07883817427385892,-0.07724228065080133,-0.09980787463843697,0.22182073512998945,0.0,-0.12166254129568743,-0.22365875371601895,-0.13139294600589613,0,0.0,-0.03350632560638711,-0.18828638995493485,0.011933851131125106,3.596,3.4085806153518527,0.175,1.8499999999999999,1.7155707351299896,weak,fringe
CSX,"{'industrials', 'VRT', 'us:Industrials', 'RKLB', 'BE'}",custom_screen|sector_top_company|seed_peer,BE|RKLB|VRT,,NMS,,,EQUITY,,0.034999847,,39.605,CSX Corporation,CSX Corporation,,,industrials,electrical-equipment-parts,5,3,BE|RKLB|VRT|industrials|us:Industrials,0,0,0,new,en-US,US,Equity,Nasdaq Real Time Price,True,HIGH,CSX Corporation,39.44,13615895.0,12630140.0,[],13.385,0.5104882,26.22 - 43.35,-3.744999,-0.086389825,32.25267,1776888000.0,1776888000.0,1776888000.0,1776889800.0,1776889800.0,False,0.52,0.013141268,REGULAR,1.54,2.08663,1.84574,21.45752,1859556799.0,7.074,39.632,-0.027000427,-0.00068127847,35.9612,3.6437988,0.10132584,18.980364,5.5986714,15.0,0.0,America/New_York,EDT,-14400000.0,False,False,False,41.74,73647742976.0,37.24,0.08845046,USD,True,342109800000.0,2.0,1774553211.0,39.91,39.39 - 39.91,39.39,6052914.0,39.57,1.0,1.0,us_market,finmb_257948,NasdaqGS,43.35,26.22,1.8 - Buy,USD,CSX,CSX,,,,1773360000.0,1.42,25.717533,0.56,,,Buy,0.0112410085,,,,,,,,,,39.986473429951694,3076,0.22075553598227488,0.08185293575826735,0.17046124901446125,0.34050112306209224,3161,77.0,0.22381551208046893,141.0,0.0,0,0,0.0,0.49349999999999994,1.0,0.0,0.18727625759373068,0.9607292330085307,0.7627321065203795,0.06640465476047597,0.11286248560041034,-0.08304376271786718,-0.06241122832886992,0,1.0,0.1521944766528378,0.19789441579482325,0.19419898986308448,3.5554999999999994,4.749432056768512,0.5625,3.7625,4.96898210652038,weak,fringe
CTRA,"{'energy', 'us:Energy'}",custom_screen|sector_top_company,,,NYQ,,,EQUITY,,0.73999786,,35.92,Coterra Energy Inc.,Coterra Energy Inc.,,,energy,,2,2,energy|us:Energy,0,0,0,new,en-US,US,Equity,Nasdaq Real Time Price,False,LOW,Coterra Energy Inc.,35.3,11612693.0,14309320.0,[],13.589998,0.60859823,22.33 - 36.17,-0.25,-0.006911806,23.35204,1772139600.0,1777924800.0,1777924800.0,1772204400.0,1772204400.0,True,0.88,0.025014212,REGULAR,2.24,2.84014,2.50741,14.325538,759272715.0,19.524,30.251,5.6689987,0.18739873,26.20285,9.717148,0.37084317,12.647263,1.8397868,15.0,0.0,America/New_York,EDT,-14400000.0,False,False,False,35.84,27273074688.0,35.85,2.1034617,USD,True,634487400000.0,2.0,1774553218.0,36.17,35.23 - 36.17,35.23,4513034.0,35.18,1000.0,1400.0,us_market,finmb_258181,NYSE,36.17,22.33,1.8 - Buy,USD,,CTRA,,,,1774396800.0,2.5,16.035713,0.88,Cabot Oil & Gas Corporation,2026-03-26,Buy,0.00850336,,,,,,,,,,19.465217391304346,3076,0.3726516324673502,0.3835642928471783,0.5134736713610197,0.22637326338376673,3161,44.0,0.41246956183079597,104.0,10.0,0,0,0.0,0.394,1.0,0.09615384615384616,0.3512939369034,1.2932137063477245,1.0,0.24612398071872507,0.37601563533921034,0.0,0.2021739181744875,0,0.0,0.47352295642224584,0.5489463328259707,0.09252703122140638,3.532,5.0606282345850815,0.6875,4.4125,5.7375,low,fringe
GOOG,"{'VOX', 'XLC', 'us:Communication Services', 'communication-services'}",custom_screen|etf_holding|sector_top_company,,VOX|XLC,NMS,,,EQUITY,,-8.600006,,280.99,Alphabet Inc.,Alphabet Inc.,,,communication-services,,4,3,VOX|XLC|communication-services|us:Communication Services,0,0,0,new,en-US,US,Equity,Nasdaq Real Time Price,True,HIGH,Alphabet Inc.,286.049,21492703.0,19765150.0,[],138.32999,0.969648,142.66 - 350.15,-69.16,-0.19751537,76.49318,1770238800.0,1776974400.0,1776974400.0,1770240600.0,1770240600.0,True,0.83,0.002866121,REGULAR,10.8,13.42157,11.55353,24.320705,5438000000.0,34.353,315.8348,-34.84482,-0.11032609,262.2857,18.704285,0.071312636,20.935701,8.179489,15.0,0.0,America/New_York,EDT,-14400000.0,False,False,False,295.22,3399136051200.0,266.33,-2.969718,USD,True,1092922200000.0,2.0,1774553221.0,286.515,279.05 - 286.515,279.05,20487837.0,289.59,1.0,1.0,us_market,finmb_29096,NasdaqGS,350.15,142.66,1.4 - Strong Buy,USD,Alphabet,GOOG,,,,1773619200.0,0.29,26.017591,0.84,,,Strong Buy,0.4834707,Alphabet Inc Class C,0.084436595,State Street Communication Serv,,,,,,,33.07826086956521,3076,0.2818831760014696,-0.10998480114754139,0.13368030254306373,0.626020038034381,3161,54.0,0.3746380835613498,99.0,5.0,0,0,0.0,0.3615,1.0,0.050505050505050504,0.23309983112997268,1.2786259817855703,0.47032263121468576,0.04606159118359843,0.1047893802249178,-0.18538707907485996,-0.10245026818285818,0,1.0,-0.05211645468602366,0.16025140076734234,0.4485564044006012,3.3594999999999997,4.689385583944021,0.6375,4.1875,5.257822631214685,weak,fringe
VG,"{'energy', 'us:Energy'}",custom_screen|sector_top_company,,,NYQ,,,EQUITY,,0.005001068,,16.715,"Venture Global, Inc.","Venture Global, Inc.",,,energy,,2,2,energy|us:Energy,0,0,0,new,en-US,US,Equity,Nasdaq Real Time Price,False,LOW,,17.03,19875076.0,44160090.0,[],10.995001,1.9222031,5.72 - 19.5,-2.7849998,-0.1428205,56.901405,1772458200.0,1778589000.0,1778589000.0,1772460000.0,1772460000.0,True,0.067,0.0040095756,REGULAR,0.92,0.47549,1.30332,12.824939,488365847.0,2.744,10.7458,5.9692,0.55549145,11.4298,5.2852,0.4624053,35.15321,6.0914726,15.0,0.0,America/New_York,EDT,-14400000.0,False,False,False,16.7,41068257280.0,16.69,0.029928597,USD,True,1737729000000.0,2.0,1774553224.0,17.3699,16.515 - 17.3699,16.515,21665041.0,16.71,400.0,900.0,us_market,finmb_1890508960,NYSE,19.5,5.72,2.4 - Buy,USD,Venture Global,VG,,,,1774915200.0,0.41,18.168478,0.07,,,Buy,0.012803753,,,,,,,,,,19.7768115942029,294,0.5195053219332512,1.379089599191588,0.15106680583879717,0.4581516993985366,302,22.0,0.6967480442429623,0.0,0.0,0,0,0.15,0.0,1.0,0.0,0.49757720627665375,0.6170235936372517,0.6565717562334804,0.30843332368749393,0.4575308061982497,0.0,0.7964553842800266,0,0.0,1.5337768240463117,0.1780454073828488,0.2990091962856296,3.325,4.547753047952584,0.75,5.425,5.95032175623348,weak,fringe
FDX,"{'VRT', 'RKLB', 'industrials', 'BE'}",sector_top_company|seed_peer,BE|RKLB|VRT,,,,,,,,,,,FedEx Corporation,,,industrials,electrical-equipment-parts,4,2,BE|RKLB|VRT|industrials,0,0,0,new,,,,,,,,,,,,,,,,,,,,,,,,,,,,,,,,,,,,,,,,,,,,,,,,,,,,,,,,,,,,,,,,,,,,,,,,,,,,,,,,,,,Buy,0.012611267,,,,,,,,,,30.267149758454106,3076,0.4177654678149686,0.18640967572966027,0.49835289939839567,0.4528559322741956,3161,38.0,0.47757010483202633,63.0,0.0,0,0,0.0,0.22049999999999997,1.0,0.0,0.3838149168354458,1.647813566995677,0.7187572100015137,0.18464946432258925,0.2993500789406305,-0.0984349764994702,-0.08455528480401042,0,1.0,0.26354944395939595,0.5334711615532901,0.2942914085556263,3.0365,4.750894004594461,0.725,4.55,5.937507210001514,weak,fringe
INTC,"{'MU', 'WDC', 'LITE', 'us:Technology', 'most_actives', 'technology', 'SNDK', 'LRCX'}",custom_screen|predefined_screen|sector_top_company|seed_peer,LITE|LRCX|MU|SNDK|WDC,,NMS,,,EQUITY,,-3.0250015,,44.155,Intel Corporation,Intel Corporation,,,technology,computer-hardware,8,4,LITE|LRCX|MU|SNDK|WDC|most_actives|technology|us:Technology,0,0,0,new,en-US,US,Equity,Nasdaq Real Time Price,True,HIGH,Intel Corporation,46.295,106113873.0,91496430.0,[],26.484999,1.4988681,17.67 - 54.6,-10.445,-0.19130036,99.74598,1769115600.0,1776974400.0,1776974400.0,1769119200.0,1769119200.0,True,0.0,0.0,REGULAR,-0.06,0.99118,0.48305,91.40876,4995000000.0,22.884,46.6274,-2.4724007,-0.05302463,34.5622,9.5928,0.2775518,44.547913,1.9295139,15.0,0.0,America/New_York,EDT,-14400000.0,False,False,False,46.89,220581593088.0,42.15,-6.411618,USD,True,322151400000.0,2.0,1774553223.0,46.6,43.92 - 46.6,43.92,62754322.0,47.18,2.0,1.0,us_market,finmb_21127,NasdaqGS,54.6,17.67,2.8 - Hold,USD,Intel,INTC,260.105663,-5.800931042775842,,1725148800.0,,,,,,Hold,0.010508413,,,,,,,,,,58.53381642512077,3076,0.5398991331552715,0.2158184745533971,0.41559899637536546,0.8262395992361147,3161,32.0,0.5450151499746704,45.0,0.0,0,0,0.0,0.1575,1.0,0.0,0.4892547602167516,0.7177307550464375,0.4674416128296143,0.1828914274290406,0.3226464807279419,-0.186395435509635,-0.05727391877380272,0,1.0,0.2948703882853032,0.4487776799023744,0.626924026496853,2.9475000000000002,4.367949824155192,0.7875,4.8375,5.698691612829614,weak,fringe
HEI-A,"{'VRT', 'RKLB', 'industrials', 'BE'}",sector_top_company|seed_peer,BE|RKLB|VRT,,,,,,,,,,,HEICO Corporation,,,industrials,electrical-equipment-parts,4,2,BE|RKLB|VRT|industrials,0,0,0,new,,,,,,,,,,,,,,,,,,,,,,,,,,,,,,,,,,,,,,,,,,,,,,,,,,,,,,,,,,,,,,,,,,,,,,,,,,,,,,,,,,,Hold,0.0050709615,,,,,,,,,,30.267149758454106,3076,-0.12116940899418037,-0.20833645451085714,-0.16553183188343867,-0.03322346334658366,3161,140.0,-0.09902749984686397,157.0,11.0,0,0,0.0,0.5825,1.0,0.07006369426751592,-0.14525696902797827,-0.45459694993949634,0.2986740450332217,0.0,-0.15323291061358202,-0.2454640842383724,-0.17641707003620233,0,0.0,-0.1568628837332039,-0.14597364108633193,-0.13873733961701173,2.9475,2.8407681212874496,0.1,1.5,1.3736740450332219,weak,fringe
ET,"{'energy', 'AMLP', 'us:Energy'}",custom_screen|etf_holding|sector_top_company,,AMLP,NYQ,,,EQUITY,,0.23500061,,19.375,Energy Transfer LP,Energy Transfer LP,,,energy,,3,3,AMLP|energy|us:Energy,0,0,0,new,en-US,US,Equity,Nasdaq Real Time Price,False,LOW,Energy Transfer LP,19.17,15594391.0,15098780.0,[],4.7749996,0.32705477,14.6 - 19.47,-0.09499931,-0.0048792665,1.3771176,1771335000.0,1778070600.0,1778070600.0,1771336800.0,1771336800.0,True,1.325,0.06922676,REGULAR,1.21,1.74756,1.61923,11.965564,3440314575.0,9.015,18.444,0.93099976,0.050477106,17.48075,1.8942509,0.10836211,11.086886,2.1491957,15.0,0.0,America/New_York,EDT,-14400000.0,False,False,False,19.38,66656096256.0,19.37,1.2277985,USD,True,1138977000000.0,2.0,1774553214.0,19.45,19.14 - 19.45,19.14,8515698.0,19.14,1500.0,3400.0,us_market,finmb_23812789,NYSE,19.47,14.6,1.5 - Buy,USD,,ET,,,,1771459200.0,6.92,16.012396,1.33,,,Buy,0.020768393,Energy Transfer LP,0.1312857,Alerian MLP ETF,,,,,,,27.397584541062802,3076,0.09274779686995305,0.1842909093622367,0.11350577153843355,0.026218265955330722,3161,95.0,0.12615516425228213,100.0,1.0,0,0,0.0,0.353,1.0,0.01,0.07378696221611611,0.5492957596620492,1.0,0.07188964267643883,0.10597799097079275,0.0,0.04222699521080053,0,0.0,0.2612929164544333,0.13960402089716317,-0.08578307358408954,2.834,3.745983785605863,0.3625,2.8625,3.8062500000000004,weak,fringe
PCG,"{'us:Utilities', 'utilities'}",custom_screen|sector_top_company,,,NYQ,,,EQUITY,,-0.14500046,,17.295,Pacific Gas & Electric Co.,PG&E Corporation,,,utilities,,2,2,us:Utilities|utilities,0,0,0,new,en-US,US,Equity,Nasdaq Real Time Price,False,LOW,PG&E Corporation,17.42,21600918.0,25330070.0,[],4.325,0.33346182,12.97 - 19.16,-1.8649998,-0.09733819,1.1682272,1770903000.0,1777552200.0,1777552200.0,1770912000.0,1770912000.0,True,0.125,0.007167431,REGULAR,1.18,1.80501,1.64488,10.514444,2197967954.0,14.086,17.0434,0.25160027,0.014762328,15.65035,1.6446505,0.10508714,9.581665,1.2278148,15.0,0.0,America/New_York,EDT,-14400000.0,False,False,False,17.29,38013853696.0,17.29,-0.8314246,USD,True,76253400000.0,2.0,1774553223.0,17.535,17.26 - 17.535,17.26,10981407.0,17.44,10700.0,6700.0,us_market,finmb_139813,NYSE,19.16,12.97,1.6 - Buy,USD,PG&E,PCG,,,,1776211200.0,1.15,14.65678,0.2,,,Buy,0.023753459,,,,,,,,,,19.22608695652174,3076,0.09550214708498156,0.09047922135436792,0.17974080875225829,0.013774948283011623,3161,102.0,0.0797465336332969,94.0,6.0,0,0,0.0,0.347,1.0,0.06382978723404255,0.07648558380509085,0.3667984712568135,0.7286386370503737,0.0683544148338296,0.09525201570832231,-0.09497647703236922,-0.0726541324370874,0,1.0,0.16138163905665448,0.20739146902943584,-0.09686832904503595,2.766,3.8266756183645647,0.375,2.85,3.7723886370503736,weak,fringe
DAL,"{'industrials', 'VRT', 'us:Industrials', 'RKLB', 'BE'}",custom_screen|sector_top_company|seed_peer,BE|RKLB|VRT,,NYQ,,,EQUITY,,-1.2699966,,66.72,"Delta Air Lines, Inc.","Delta Air Lines, Inc.",,,industrials,electrical-equipment-parts,5,3,BE|RKLB|VRT|industrials|us:Industrials,0,0,0,new,en-US,US,Equity,Nasdaq Real Time Price,False,LOW,"Delta Air Lines, Inc.",67.38,10618566.0,15486120.0,[],31.98,0.9205526,34.74 - 76.39,-9.669998,-0.12658723,47.323944,1775651400.0,1775651400.0,1775651400.0,1775656800.0,1775656800.0,False,0.713,0.010486837,REGULAR,7.66,8.19906,6.6705,10.002249,653130708.0,32.1,66.933,-0.21299744,-0.0031822484,61.1518,5.568203,0.09105542,8.137518,2.0785048,15.0,0.0,America/New_York,EDT,-14400000.0,False,False,False,66.85,43576881152.0,66.83,-1.8679168,USD,True,1178199000000.0,2.0,1774553223.0,68.0225,66.5217 - 68.0225,66.5217,7812422.0,67.99,500.0,200.0,us_market,finmb_266311,NYSE,76.39,34.74,1.3 - Strong Buy,USD,Delta Air Lines,DAL,,,,1773878400.0,1.1,8.710183,0.75,,,Strong Buy,0.0066488693,,,,,,,,,,39.7671497584541,3076,0.2001627154218421,-0.053546120934452546,0.15621208685955423,0.37096776216227734,3161,60.0,0.34072747565641665,35.0,0.0,0,0,0.0,0.12249999999999998,1.0,0.0,0.16345908275498688,0.46172395930939225,0.672954775820988,0.059835867354783634,0.10873652197508021,-0.11446582846265418,-0.03826749617183178,0,1.0,0.007991840500621628,0.1833112830431065,0.2213405035940499,2.6174999999999997,3.7516743859054626,0.5,3.75,4.4729547758209875,weak,fringe
BKR,"{'energy', 'us:Energy'}",custom_screen|sector_top_company,,,NMS,,,EQUITY,,-0.32999802,,62.29,Baker Hughes Company,Baker Hughes Company,,,energy,,2,2,energy|us:Energy,0,0,0,new,en-US,US,Equity,Nasdaq Real Time Price,True,HIGH,Baker Hughes Company,62.46,9990868.0,12653130.0,[],28.690002,0.85386914,33.6 - 67.0,-4.709999,-0.07029849,43.5251,1776974400.0,1776974400.0,1776974400.0,1777037400.0,1777037400.0,False,0.92,0.014691792,REGULAR,2.6,2.90713,2.56932,24.243769,988236510.0,19.086,58.7256,3.5643997,0.060695842,48.58155,13.70845,0.282174,21.42663,3.2636487,15.0,0.0,America/New_York,EDT,-14400000.0,False,False,False,65.94,61557252096.0,59.13,-0.52698505,USD,True,544714200000.0,2.0,1774553221.0,63.0,61.84 - 63.0,61.84,3992722.0,62.62,1.0,1.0,us_market,finmb_425005479,NasdaqGS,67.0,33.6,1.8 - Buy,USD,,BKR,,,2021-12-07,1772150400.0,1.47,23.957693,0.92,,,Buy,0.01918775,,,,,,,,,,19.52125603864734,3076,0.32774092654817566,0.3793981185834854,0.2499498780742564,0.37970337900443996,3161,54.0,0.378998047831284,29.0,0.0,0,0,0.0,0.10149999999999999,1.0,0.0,0.29716470332878925,0.9332464274816262,0.8719406787789356,0.18662536779727898,0.3074918111452476,-0.04482076242737254,-0.03818852904420311,0,0.0,0.46908589957584956,0.2792460922814133,0.22912271625263503,2.6045,3.995939627945729,0.65,4.25,5.2656906787789355,weak,fringe
WAB,"{'VRT', 'RKLB', 'industrials', 'BE'}",sector_top_company|seed_peer,BE|RKLB|VRT,,,,,,,,,,,Westinghouse Air Brake Technologies Corporation,,,industrials,electrical-equipment-parts,4,2,BE|RKLB|VRT|industrials,0,0,0,new,,,,,,,,,,,,,,,,,,,,,,,,,,,,,,,,,,,,,,,,,,,,,,,,,,,,,,,,,,,,,,,,,,,,,,,,,,,,,,,,,,,Buy,0.0064112092,,,,,,,,,,30.267149758454106,3076,0.25361697075408857,0.11945661336619873,0.27802353492295784,0.2962905852791642,3161,65.0,0.2880814001410797,27.0,0.0,0,0,0.0,0.0945,1.0,0.0,0.22356515411201783,1.208665907073616,0.7949424753051318,0.10161079182148851,0.15738161813309204,-0.07177013364320384,-0.06481220210786232,0,1.0,0.19224312671387866,0.30797773700550457,0.15481358491760067,2.4835,4.190831960275972,0.625,4.075,5.469942475305131,weak,fringe
MSI,"{'MU', 'WDC', 'LITE', 'technology', 'SNDK', 'LRCX'}",sector_top_company|seed_peer,LITE|LRCX|MU|SNDK|WDC,,,,,,,,,,,"Motorola Solutions, Inc.",,,technology,computer-hardware,6,2,LITE|LRCX|MU|SNDK|WDC|technology,0,0,0,new,,,,,,,,,,,,,,,,,,,,,,,,,,,,,,,,,,,,,,,,,,,,,,,,,,,,,,,,,,,,,,,,,,,,,,,,,,,,,,,,,,,Buy,0.0035707157,,,,,,,,,,42.26714975845411,3076,0.05289425399702435,0.18945239344979448,-0.011128693751382923,0.04863813201904654,3161,115.0,0.04848956276852321,86.0,0.0,0,0,0.0,0.301,1.0,0.0,0.031853309552801974,0.2344512477518397,0.7655372142228045,0.03566860676110606,0.05526617284366897,-0.07414985084926395,-0.045116976930554276,0,1.0,0.26678999767541023,0.012048384081372765,-0.06581010903707296,2.4530000000000003,3.385423492590346,0.2875,2.4125,3.296787214222804,weak,fringe
DOW,"{'basic-materials', 'us:Basic Materials'}",custom_screen|sector_top_company,,,NYQ,,,EQUITY,,-0.27000046,,39.35,Dow Inc.,Dow Inc.,,,basic-materials,,2,2,basic-materials|us:Basic Materials,0,0,0,new,en-US,US,Equity,Nasdaq Real Time Price,False,LOW,Dow Inc.,39.62,13560984.0,17181040.0,[],18.947998,0.92873234,20.402 - 40.195,-0.8450012,-0.021022545,0.992012,1776947400.0,1776947400.0,1776947400.0,1769778000.0,1769778000.0,False,2.1,0.05300353,REGULAR,-3.7,1.09523,-0.15373,-255.96823,719619373.0,22.319,31.1438,8.206198,0.26349378,26.18235,13.167648,0.5029208,35.928524,1.7630718,15.0,0.0,America/New_York,EDT,-14400000.0,False,False,False,39.43,28317022208.0,39.41,-0.68147516,USD,True,1553088600000.0,2.0,1774553220.0,40.195,39.22 - 40.195,39.22,7056112.0,39.62,500.0,200.0,us_market,finmb_9830660,NYSE,40.195,20.402,2.4 - Buy,USD,Dow,DOW,,,,1773360000.0,4.42,,1.75,,,Buy,0.017960902,,,,,,,,,,19.59710144927536,1765,0.46999627778336545,0.7185589606032552,0.7014699943868039,0.11424121976998203,1815,34.0,0.5260615398868129,0.0,0.0,0,0,0.0,0.0,1.0,0.0,0.45965254723440807,0.9717383213961602,0.9808899259542401,0.3280139713242396,0.4784438579133423,-0.006688525916015986,0.3109593251874341,0,0.0,0.8302988111978977,0.741348896970804,-0.007366934483732712,2.45,4.1403423383670885,0.7375,4.6625000000000005,5.81838992595424,weak,fringe
BAC,"{'XLF', 'us:Financial Services', 'financial-services', 'VFH'}",custom_screen|etf_holding|sector_top_company,,VFH|XLF,NYQ,,,EQUITY,,-0.46500015,,48.285,Bank of America Corporation,Bank of America Corporation,,,financial-services,,4,3,VFH|XLF|financial-services|us:Financial Services,0,0,0,new,en-US,US,Equity,Nasdaq Real Time Price,False,LOW,Bank of America Corporation,48.71,41721678.0,44434360.0,[],15.215,0.46008468,33.07 - 57.55,-9.264999,-0.16099043,14.544177,1776256200.0,1776256200.0,1776256200.0,1776256200.0,1776256200.0,False,1.08,0.022153847,REGULAR,3.81,4.95979,4.34112,11.122706,7176682170.0,38.441,51.2718,-2.9868011,-0.058254268,50.73085,-2.4458504,-0.04821229,9.735291,1.2560806,15.0,0.0,America/New_York,EDT,-14400000.0,False,False,False,48.25,352601014272.0,48.24,-0.95384645,USD,True,99153000000.0,2.0,1774553222.0,48.8699,48.025 - 48.8699,48.025,21557661.0,48.75,2400.0,600.0,us_market,finmb_19049,NYSE,57.55,33.07,1.6 - Buy,USD,Bank of America,BAC,,,,1774569600.0,2.3,12.673228,1.12,,,Buy,0.046480287,Bank of America Corp,0.0453785,State Street Financial Select S,,,,,,,32.5512077294686,3076,-0.0078313613702101,-0.13748435817396165,-0.06624756647036101,0.11541134213181659,3161,109.0,0.05906688738160064,78.0,0.0,0,0,0.0,0.27299999999999996,1.0,0.0,-0.036555555459102294,-0.03143819040464359,0.552089907716976,0.0,-0.03749293112635499,-0.1567685322990584,-0.06606688317970855,0,1.0,-0.08140401926062402,-0.04436235988009063,-0.006324519137353102,2.444,3.0606039446301856,0.2,2.225,2.6645899077169757,weak,fringe
WCN,"{'VRT', 'RKLB', 'industrials', 'BE'}",sector_top_company|seed_peer,BE|RKLB|VRT,,,,,,,,,,,"Waste Connections, Inc.",,,industrials,electrical-equipment-parts,4,2,BE|RKLB|VRT|industrials,0,0,0,new,,,,,,,,,,,,,,,,,,,,,,,,,,,,,,,,,,,,,,,,,,,,,,,,,,,,,,,,,,,,,,,,,,,,,,,,,,,,,,,,,,,Strong Buy,0.0061266003,,,,,,,,,,30.267149758454106,3076,-0.13220547617970801,-0.11548204170478005,-0.08754718044153664,-0.18522548915534331,3161,149.0,-0.14843621858892292,120.0,6.0,0,0,0.0,0.438,1.0,0.05,-0.1477186545039148,-0.5180882318697954,0.3887043270498898,0.0,-0.11065444145079939,-0.11776590764145456,-0.056602686609213304,0,1.0,-0.057971123095684196,-0.06616119231144213,-0.27414988240050275,2.439,2.7680725962299335,0.0875,1.3875,1.6512043270498897,weak,fringe
LYB,"{'basic-materials', 'us:Basic Materials'}",custom_screen|sector_top_company,,,NYQ,,,EQUITY,,0.22000122,,77.41,LyondellBasell Industries NV,LyondellBasell Industries N.V.,,,basic-materials,,2,2,basic-materials|us:Basic Materials,0,0,0,new,en-US,US,Equity,Nasdaq Real Time Price,False,LOW,LyondellBasell Industries N.V.,76.87,7727538.0,12247400.0,[],35.83,0.8617124,41.58 - 78.68,-1.2699966,-0.01614129,1.8899441,1769779800.0,1777033800.0,1777033800.0,1769788800.0,1769788800.0,True,5.45,0.070604995,REGULAR,-2.48,4.48737,3.8932,19.883389,322169978.0,31.302,57.82,19.590004,0.33881018,53.17325,24.236755,0.4558073,17.250639,2.473005,15.0,0.0,America/New_York,EDT,-14400000.0,False,False,False,77.65,24939180032.0,77.65,0.28501257,USD,True,1272461400000.0,2.0,1774553219.0,78.68,76.83 - 78.68,76.83,3057643.0,77.19,400.0,600.0,us_market,finmb_792424,NYSE,78.68,41.58,2.8 - Hold,USD,LyondellBasell Industries,LYB,,,,1773014400.0,6.22,,4.8,,,Hold,0.0158127,,,,,,,,,,19.392753623188405,3076,0.40851208504420833,0.8143023325911445,0.506326627649375,0.1078024186655735,3161,38.0,0.4789156099293024,0.0,0.0,0,0,0.0,0.0,1.0,0.0,0.3978649826368864,0.8159425280776755,1.0,0.29666344789530674,0.4352498876779134,0.0,0.3635241806769687,0,0.0,0.9322673697092676,0.5416317773386963,-0.013103005601114215,2.4,4.032998068737184,0.7125,4.5375,5.66875,weak,fringe
JCI,"{'industrials', 'VRT', 'us:Industrials', 'RKLB', 'BE'}",custom_screen|sector_top_company|seed_peer,BE|RKLB|VRT,,NYQ,,,EQUITY,,-5.869995,,131.61,Johnson Controls International ,Johnson Controls International plc,,,industrials,electrical-equipment-parts,5,3,BE|RKLB|VRT|industrials|us:Industrials,0,0,0,new,en-US,US,Equity,Nasdaq Real Time Price,False,LOW,Johnson Controls International plc,136.0,5216041.0,4109640.0,[],63.58,0.9345877,68.03 - 146.49,-14.880005,-0.10157693,67.31167,1770211800.0,1778070600.0,1778070600.0,1770211800.0,1770211800.0,True,1.54,0.011201629,REGULAR,2.98,5.55011,4.74685,27.725756,612066206.0,21.575,131.1044,0.5056,0.0038564685,115.5007,16.109299,0.1394736,23.713045,6.100116,15.0,0.0,America/New_York,EDT,-14400000.0,False,False,False,131.45,80554033152.0,131.36,-4.2697086,USD,True,559834200000.0,2.0,1774553215.0,136.865,130.975 - 136.865,130.975,2736523.0,137.48,600.0,400.0,us_market,finmb_282590,NYSE,146.49,68.03,2.0 - Buy,USD,Johnson Controls,JCI,,,,1775779200.0,1.16,44.16443,1.6,,,Buy,0.012286346,,,,,,,,,,40.124154589371976,3076,0.33713802192654363,0.08775693465243606,0.2367185411543673,0.5622480463357737,3161,53.0,0.38560093746892005,1.0,0.0,0,0,0.0,0.0034999999999999996,1.0,0.0,0.2946761184274373,1.1120051979351453,0.7309027209307994,0.09292023376639798,0.15399585583678865,-0.09418404767422017,-0.0881030555911384,0,1.0,0.15848235062459692,0.2657046404621579,0.3917444802941368,2.3354999999999997,4.025743772818319,0.6625,4.3125,5.549652720930799,weak,fringe
SNPS,"{'MU', 'WDC', 'LITE', 'technology', 'SNDK', 'LRCX'}",sector_top_company|seed_peer,LITE|LRCX|MU|SNDK|WDC,,,,,,,,,,,"Synopsys, Inc.",,,technology,computer-hardware,6,2,LITE|LRCX|MU|SNDK|WDC|technology,0,0,0,new,,,,,,,,,,,,,,,,,,,,,,,,,,,,,,,,,,,,,,,,,,,,,,,,,,,,,,,,,,,,,,,,,,,,,,,,,,,,,,,,,,,Buy,0.0036807565,,,,,,,,,,42.26714975845411,3076,-0.1329239960867379,-0.1518076692335356,-0.13843489136690057,-0.11797126423317639,3161,142.0,-0.10985858844912832,112.0,0.0,0,0,0.0,0.392,1.0,0.0,-0.1523226771693667,-0.31733704737128576,0.0,0.0,-0.1763392833801597,-0.24395406721602353,-0.1021439622219884,0,0.0,-0.09665862489577404,-0.11824160488503388,-0.21423577559049578,2.326,2.1199,0.075,1.375,0.9624999999999999,weak,fringe
C,"{'us:Financial Services', 'financial-services'}",custom_screen|sector_top_company,,,NYQ,,,EQUITY,,-2.25,,112.23,"Citigroup, Inc.",Citigroup Inc.,,,financial-services,,2,2,financial-services|us:Financial Services,0,0,0,new,en-US,US,Equity,Nasdaq Real Time Price,False,LOW,Citigroup Inc.,114.06,14847655.0,15462880.0,[],56.720005,1.021798,55.51 - 125.16,-12.93,-0.10330777,59.33194,1776169800.0,1776169800.0,1776169800.0,1768320000.0,1768320000.0,False,2.32,0.020265548,REGULAR,6.99,12.132,10.16254,11.043499,1749319009.0,110.006,113.21,-0.9799957,-0.008656441,102.11725,10.112755,0.09903082,9.250742,1.0202172,15.0,0.0,America/New_York,EDT,-14400000.0,False,False,False,112.29,196326080512.0,112.3,-1.9655805,USD,True,221149800000.0,2.0,1774553226.0,114.79,111.565 - 114.79,111.565,7568066.0,114.48,400.0,200.0,us_market,finmb_391687,NYSE,125.16,55.51,1.7 - Buy,USD,Citigroup,C,,,,1772150400.0,2.1,16.055796,2.4,,,Buy,0.02722781,,,,,,,,,,19.209178743961356,3076,0.23233311229245987,-0.060134005137508995,0.1039842551515675,0.5069155281483366,3161,61.0,0.33345380810765574,0.0,0.0,0,0,0.0,0.0,1.0,0.0,0.18911923771462297,0.6532188061086642,0.733376522452329,0.06473584240956869,0.12372777137780955,-0.09331821714168487,-0.018541150822872332,0,1.0,0.0009756153366440312,0.12985934005503408,0.3424509465632013,2.225,3.680117418917139,0.575,3.95,4.952126522452328,weak,fringe
NEE,"{'us:Utilities', 'XLU', 'VPU', 'utilities'}",custom_screen|etf_holding|sector_top_company,,VPU|XLU,NYQ,,,EQUITY,,-0.3600006,,90.8,"NextEra Energy, Inc.","NextEra Energy, Inc.",,,utilities,,4,3,VPU|XLU|us:Utilities|utilities,0,0,0,new,en-US,US,Equity,Nasdaq Real Time Price,False,LOW,"NextEra Energy, Inc.",91.7,9584944.0,9643110.0,[],29.080002,0.47116008,61.72 - 95.91,-5.1100006,-0.05327912,27.729416,1769520600.0,1776861000.0,1776861000.0,1769522400.0,1769522400.0,True,2.266,0.024857393,REGULAR,3.3,4.37573,4.01232,22.630299,2083521964.0,26.216,89.22,1.5800018,0.017709054,80.2607,10.539307,0.13131343,20.750824,3.4635339,15.0,0.0,America/New_York,EDT,-14400000.0,False,False,False,90.65,189183803392.0,90.63,-0.3949107,USD,True,99153000000.0,2.0,1774553221.0,92.0,90.565 - 92.0,90.565,4070579.0,91.16,100.0,400.0,us_market,finmb_270586,NYSE,95.91,61.72,1.9 - Buy,USD,NextEra Energy,NEE,,,,1773619200.0,2.73,27.515152,2.49,,,Buy,0.11824222,NextEra Energy Inc,0.1330719,State Street Utilities Select S,,,,,,,33.53768115942029,3076,0.24919918455426285,0.13811250177491718,0.22998774626058416,0.32395396423761436,3161,80.0,0.2060186916913727,16.0,0.0,0,0,0.0,0.055999999999999994,1.0,0.0,0.21773195265777245,1.2414411805250947,0.8545746914999722,0.08396007620663355,0.1383595925309602,-0.050898857975009704,-0.04521084033396394,0,1.0,0.21211201172689664,0.25881608979556203,0.17945778598542073,2.1929999999999996,3.9850708606239635,0.6125,3.8625,5.385824691499972,weak,fringe
CSCO,"{'MU', 'WDC', 'LITE', 'us:Technology', 'technology', 'SNDK', 'LRCX'}",custom_screen|sector_top_company|seed_peer,LITE|LRCX|MU|SNDK|WDC,,NMS,,,EQUITY,,0.51999664,,82.35,"Cisco Systems, Inc.","Cisco Systems, Inc.",,,technology,computer-hardware,7,3,LITE|LRCX|MU|SNDK|WDC|technology|us:Technology,0,0,0,new,en-US,US,Equity,Nasdaq Real Time Price,True,HIGH,"Cisco Systems, Inc.",82.07,23332288.0,26911170.0,[],30.239998,0.5803108,52.11 - 88.19,-5.840004,-0.0662207,27.357721,1778702400.0,1778702400.0,1778702400.0,1778702400.0,1778702400.0,False,1.64,0.02004155,REGULAR,2.78,4.51582,4.15615,19.81401,3949893042.0,12.085,78.3068,4.0431976,0.051632777,72.6061,9.7438965,0.13420217,18.23589,6.8142323,15.0,0.0,America/New_York,EDT,-14400000.0,False,False,False,82.59,325372641280.0,77.82,0.63545966,USD,True,635178600000.0,2.0,1774553222.0,83.11,81.83 - 83.11,81.83,14053893.0,81.83,1.0,50.0,us_market,finmb_19691,NasdaqGS,88.19,52.11,1.8 - Buy,USD,Cisco Systems,CSCO,,,,1776816000.0,2.05,29.622301,1.68,,,Buy,0.015506942,,,,,,,,,,52.800483091787434,3076,0.24056843530573999,0.05556276468069332,0.22333635962962295,0.3503033462943803,3161,66.0,0.2719822915305253,0.0,0.0,0,0,0.0,0.0,1.0,0.0,0.20681506960935092,0.7007401303761982,0.8543115436536364,0.08625300842879602,0.14265771832634333,-0.05099095972122725,0.04088726615332816,0,1.0,0.124194931701187,0.25200880855559826,0.20293139961718554,2.175,3.773088731249459,0.5875,3.9375,5.1418115436536365,weak,fringe
PAA,"{'energy', 'AMLP', 'us:Energy'}",custom_screen|etf_holding|sector_top_company,,AMLP,NMS,,,EQUITY,,0.32999992,,22.48,"Plains All American Pipeline, L","Plains All American Pipeline, L.P.",,,energy,,3,3,AMLP|energy|us:Energy,0,0,0,new,en-US,US,Equity,Nasdaq Real Time Price,True,HIGH,"Plains All American Pipeline, L.P.",22.2,3735783.0,3854290.0,[],6.8999996,0.44287544,15.58 - 22.51,-0.030000687,-0.0013327715,10.253859,1770384600.0,1778243400.0,1778243400.0,1770390000.0,1770390000.0,True,1.558,0.0703386,REGULAR,1.12,1.60456,1.55044,14.49911,705531683.0,11.057,20.4472,2.0327988,0.09941697,18.2729,4.2071,0.23023713,14.010071,2.033101,15.0,0.0,America/New_York,EDT,-14400000.0,False,False,False,25.36,15860353024.0,18.96,1.4895054,USD,True,911399400000.0,2.0,1774553221.0,22.51,22.05 - 22.51,22.05,2577978.0,22.15,1.0,1.0,us_market,finmb_393940,NasdaqGS,22.51,15.58,2.4 - Buy,USD,"Plains All American Pipeline, L.P",PAA,,,,1770940800.0,7.54,20.071428,1.67,,,Buy,0.0049451026,Plains All American Pipeline LP,0.1360642,Alerian MLP ETF,,,,,,,26.783091787439613,3076,0.20432052509832715,0.2639122795506077,0.264623157593012,0.11422201537750198,3161,72.0,0.24243624820320717,0.0,0.0,0,0,0.0,0.0,1.0,0.0,0.18396994168670983,1.0776784539746558,1.0,0.15253401990716112,0.23673532432204136,0.0,0.09951099127096574,0,0.0,0.3460912286115956,0.2942632828220775,-0.00738404291110073,2.1,3.604020411944297,0.5375,3.7125,4.8875,weak,fringe
VZ,"{'VOX', 'XLC', 'us:Communication Services', 'communication-services'}",custom_screen|etf_holding|sector_top_company,,VOX|XLC,NYQ,,,EQUITY,,0.40999985,,50.78,Verizon Communications Inc.,Verizon Communications Inc.,,,communication-services,,4,3,VOX|XLC|communication-services|us:Communication Services,0,0,0,new,en-US,US,Equity,Nasdaq Real Time Price,False,LOW,Verizon Communications Inc.,50.57,31883550.0,29195270.0,"[{'header': 'Dividend', 'message': 'VZ announced a cash dividend of $0.707 with an ex-date of Apr. 10, 2026', 'meta': {'eventType': 'DIVIDEND', 'dateEpochMs': 1775793600000, 'amount': '0.707'}}]",12.389999,0.3227403,38.39 - 51.68,-0.9000015,-0.01741489,12.032914,1769779800.0,1777293000.0,1777293000.0,1777293000.0,1777293000.0,False,2.735,0.054298192,REGULAR,4.06,5.2634,4.91723,10.326952,4217684168.0,24.77,46.8702,3.9097977,0.08341756,43.16055,7.6194496,0.17653736,9.647756,2.0500605,15.0,0.0,America/New_York,EDT,-14400000.0,False,False,False,50.81,214174007296.0,50.81,0.8139763,USD,True,438273000000.0,2.0,1774553224.0,51.245,50.425 - 51.245,50.425,18170467.0,50.37,1500.0,1200.0,us_market,finmb_415798,NYSE,51.68,38.39,2.2 - Buy,USD,Verizon Communications,VZ,,,,1777593600.0,5.62,12.507389,2.83,,,Buy,0.030459158,Verizon Communications Inc,0.055735603,State Street Communication Serv,,,,,,,33.89806763285024,3076,0.1916269687173649,0.27179365697613744,0.17577582443134232,0.16739476887400118,3161,89.0,0.16554471115887953,20.0,0.0,0,0,0.0,0.06999999999999999,1.0,0.0,0.16822460839655234,0.6434485927601433,0.9660790414463359,0.11689082707795088,0.17458018429718192,-0.011872335493782415,0.03128175766498065,0,0.0,0.3544850492853333,0.20333355375822237,0.03998544259049175,2.06,3.3512819211145723,0.475,3.275,4.341079041446336,weak,fringe
SHW,"{'XLB', 'basic-materials', 'VAW'}",etf_holding|sector_top_company,,VAW|XLB,,,,,,,,,,The Sherwin-Williams Company,,,basic-materials,,3,2,VAW|XLB|basic-materials,0,0,0,new,,,,,,,,,,,,,,,,,,,,,,,,,,,,,,,,,,,,,,,,,,,,,,,,,,,,,,,,,,,,,,,,,,,,,,,,,SHW,,,,,,,,,,Buy,0.050119262,Sherwin-Williams Co,0.0492801,State Street Materials Select S,,,,,,,23.267149758454106,3076,-0.05503364212525744,-0.013485558653930418,-0.06787963424108656,-0.06296169174509181,3161,132.0,-0.05527173134028079,74.0,0.0,0,0,0.0,0.259,1.0,0.0,-0.07437362435433786,-0.2170985678925711,0.5770212046394207,0.0,-0.07429434643055055,-0.14202901921862066,-0.10516447116646255,0,1.0,0.0506571206561659,-0.046032679910247065,-0.16522994130368052,2.052,2.6847627227836526,0.1375,1.6875,2.2270212046394207,weak,fringe
EPD,"{'energy', 'AMLP', 'us:Energy'}",custom_screen|etf_holding|sector_top_company,,AMLP,NYQ,,,EQUITY,,0.059700012,,39.0597,Enterprise Products Partners L.,Enterprise Products Partners L.P.,,,energy,,3,3,AMLP|energy|us:Energy,0,0,0,new,en-US,US,Equity,Nasdaq Real Time Price,False,LOW,Enterprise Products Partners L.P.,38.99,4493478.0,3321710.0,[],11.2897,0.40654302,27.77 - 39.565,-0.5052986,-0.012771354,14.874816,1770125400.0,1777379400.0,1777379400.0,1770130800.0,1770130800.0,True,2.175,0.05576923,REGULAR,2.66,3.1037,2.82234,13.839474,2161760683.0,13.757,35.6006,3.4590988,0.09716406,32.5864,6.473301,0.19865039,12.584883,2.83926,15.0,0.0,America/New_York,EDT,-14400000.0,False,False,False,39.05,84437729280.0,39.04,0.15309541,USD,True,901632600000.0,2.0,1774553222.0,39.565,38.91 - 39.565,38.91,4055474.0,39.0,700.0,700.0,us_market,finmb_388763,NYSE,39.565,27.77,2.2 - Buy,USD,Enterprise Products Partners L.P,EPD,,,,1770940800.0,5.58,14.684097,2.18,,,Buy,0.026325809,Enterprise Products Partners LP,0.1282886,Alerian MLP ETF,,,,,,,27.29178743961353,3076,0.2024717120969097,0.21606484035455775,0.2321766698175023,0.16597019024749304,3161,79.0,0.21173497515739262,0.0,0.0,0,0,0.0,0.0,1.0,0.0,0.17893561831542354,1.0361448749749669,1.0,0.1315407650766113,0.20079486948320024,0.0,0.08741657473302422,0,0.0,0.2951327726685693,0.2610563171483615,0.0387163423059127,2.05,3.531424459045967,0.5125,3.5875,4.768750000000001,weak,fringe
ROK,"{'VRT', 'RKLB', 'industrials', 'BE'}",sector_top_company|seed_peer,BE|RKLB|VRT,,,,,,,,,,,"Rockwell Automation, Inc.",,,industrials,electrical-equipment-parts,4,2,BE|RKLB|VRT|industrials,0,0,0,new,,,,,,,,,,,,,,,,,,,,,,,,,,,,,,,,,,,,,,,,,,,,,,,,,,,,,,,,,,,,,,,,,,,,,,,,,,,,,,,,,,,Buy,0.0061163204,,,,,,,,,,30.267149758454106,3076,0.11805674199437025,-0.10593220436248951,0.04119944200809367,0.3069085151590767,3161,84.0,0.18879439475918516,0.0,0.0,0,0,0.0,0.0,1.0,0.0,0.08239019087855615,0.36789195288101184,0.5105189837295979,0.0,-0.018866462723437394,-0.1713183556946407,-0.11379792233527497,0,1.0,-0.04780036006955435,0.06560298203838388,0.16427267519278366,2.0,3.0563113902377586,0.4125,3.2375,3.816768983729598,weak,fringe
AME,"{'VRT', 'RKLB', 'industrials', 'BE'}",sector_top_company|seed_peer,BE|RKLB|VRT,,,,,,,,,,,"AMETEK, Inc.",,,industrials,electrical-equipment-parts,4,2,BE|RKLB|VRT|industrials,0,0,0,new,,,,,,,,,,,,,,,,,,,,,,,,,,,,,,,,,,,,,,,,,,,,,,,,,,,,,,,,,,,,,,,,,,,,,,,,,,,,,,,,,,,Buy,0.007401369,,,,,,,,,,30.267149758454106,3076,0.12869404779702798,0.014696022618360338,0.136729881728606,0.17765722645478377,3161,85.0,0.1802160636249872,0.0,0.0,0,0,0.0,0.0,1.0,0.0,0.10113433586689316,0.5839276615833128,0.6469689639893508,0.04489370153324076,0.0767952842041204,-0.12356086260372723,-0.09181616977160734,0,1.0,0.08067105435457367,0.16337245571893622,0.04912785677100984,1.975,3.2538675993135553,0.4375,3.2875,4.146968963989351,weak,fringe
TEL,"{'MU', 'WDC', 'LITE', 'technology', 'SNDK', 'LRCX'}",sector_top_company|seed_peer,LITE|LRCX|MU|SNDK|WDC,,,,,,,,,,,TE Connectivity plc,,,technology,computer-hardware,6,2,LITE|LRCX|MU|SNDK|WDC|technology,0,0,0,new,,,,,,,,,,,,,,,,,,,,,,,,,,,,,,,,,,,,,,,,,,,,,,,,,,,,,,,,,,,,,,,,,,,,,,,,,,,,,,,,,,,Buy,0.0028559582,,,,,,,,,,42.26714975845411,3076,0.09659238446462401,-0.12202499847208825,-0.052254557604123786,0.35474801800172795,3161,86.0,0.17967962459385245,0.0,0.0,0,0,0.0,0.0,1.0,0.0,0.057751938574232005,0.25464980732509346,0.4870453843835161,0.0,-0.02367003955989544,-0.15719467659612663,-0.15719467659612663,0,1.0,-0.06493949966434132,-0.03004138411506896,0.2068909803828196,1.95,2.8822272306301095,0.3875,3.1125,3.537045384383516,weak,fringe
ADSK,"{'MU', 'WDC', 'LITE', 'technology', 'SNDK', 'LRCX'}",sector_top_company|seed_peer,LITE|LRCX|MU|SNDK|WDC,,,,,,,,,,,"Autodesk, Inc.",,,technology,computer-hardware,6,2,LITE|LRCX|MU|SNDK|WDC|technology,0,0,0,new,,,,,,,,,,,,,,,,,,,,,,,,,,,,,,,,,,,,,,,,,,,,,,,,,,,,,,,,,,,,,,,,,,,,,,,,,,,,,,,,,,,Strong Buy,0.0024184168,,,,,,,,,,42.26714975845411,3076,-0.19203671336339007,-0.1951071473877668,-0.25964387856622084,-0.1228943311483709,3161,154.0,-0.1706080163425201,83.0,0.0,0,0,0.0,0.2905,1.0,0.0,-0.2129198895762947,-0.5125482978765806,0.23699359579528667,0.0,-0.17183615303104027,-0.20037391520425152,0.06543306291364215,0,0.0,-0.14277341362746798,-0.24229147755913394,-0.21862153956786878,1.9465,1.925046157477172,0.0375,1.1875,0.9869935957952867,weak,fringe
AEP,"{'us:Utilities', 'XLU', 'VPU', 'utilities'}",custom_screen|etf_holding|sector_top_company,,VPU|XLU,NMS,,,EQUITY,,0.3242035,,128.6242,American Electric Power Company,"American Electric Power Company, Inc.",,,utilities,,4,3,VPU|XLU|us:Utilities|utilities,0,0,0,new,en-US,US,Equity,Nasdaq Real Time Price,True,HIGH,"American Electric Power Company, Inc.",128.83,3578871.0,4149730.0,[],31.164207,0.31976408,97.46 - 135.0,-6.3757935,-0.047228098,20.618164,1770903000.0,1778070600.0,1778070600.0,1770904800.0,1770904800.0,True,3.74,0.029150428,REGULAR,6.66,6.8613,6.36064,20.221897,543563480.0,57.571,125.3506,3.2736053,0.026115594,115.63385,12.990356,0.11234043,18.746332,2.234184,15.0,0.0,America/New_York,EDT,-14400000.0,False,False,False,136.55,69915418624.0,120.65,0.25269172,USD,True,-252322200000.0,2.0,1774553223.0,129.5,127.82 - 129.5,127.82,1869335.0,128.3,1.0,1.0,us_market,finmb_135470,NasdaqGS,135.0,97.46,2.1 - Buy,USD,American Electric Power Company,AEP,,,,1773100800.0,2.96,19.312944,3.8,,,Buy,0.043499235,American Electric Power Co Inc,0.0488096,State Street Utilities Select S,,,,,,,32.93719806763285,3076,0.19803374878448285,0.11715152136353013,0.18148422699018907,0.255024384289253,3161,91.0,0.16274259440566463,11.0,0.0,0,0,0.0,0.0385,1.0,0.0,0.16884840037337118,1.107363805226444,0.8826474680256005,0.07157418002780765,0.11967260063505991,-0.04107338619103984,-0.0288389485927667,0,0.0,0.18978815877335187,0.2091757493491564,0.11805117219759564,1.9405,3.3584829888320447,0.4875,3.2874999999999996,4.4951474680256,weak,fringe
SRE,"{'us:Utilities', 'XLU', 'VPU', 'utilities'}",custom_screen|etf_holding|sector_top_company,,VPU|XLU,NYQ,,,EQUITY,,0.0,,95.32,DBA Sempra,Sempra,,,utilities,,4,3,VPU|XLU|us:Utilities|utilities,0,0,0,new,en-US,US,Equity,Nasdaq Real Time Price,False,LOW,Sempra,94.96,3818010.0,3774580.0,[],33.42,0.53990304,61.9 - 97.45,-2.1299973,-0.021857336,30.543697,1772112600.0,1778157000.0,1778157000.0,1772125200.0,1772125200.0,True,2.58,0.027066723,REGULAR,2.75,5.52919,5.10661,18.666004,653284140.0,48.403,91.2292,4.0907974,0.044840876,86.3943,8.925697,0.1033135,17.239414,1.9692994,15.0,0.0,America/New_York,EDT,-14400000.0,False,False,False,95.52,62271045632.0,95.49,0.0,USD,True,899127000000.0,2.0,1774553223.0,96.29,94.695 - 96.29,94.695,1591928.0,95.32,200.0,200.0,us_market,finmb_120622,NYSE,97.45,61.9,1.7 - Buy,USD,,SRE,,,,1776211200.0,2.76,34.66182,2.63,Sempra Energy,2026-03-26,Buy,0.03893539,Sempra,0.042816,State Street Utilities Select S,,,,,,,32.92850241545894,3076,0.20377478600396431,0.07510144350243242,0.09234644444685314,0.3795397988118414,3161,86.0,0.17951775543407292,1.0,0.0,0,0,0.0,0.0034999999999999996,1.0,0.0,0.16777110216819469,0.9619157036787274,0.9723990462062094,0.06584200738283623,0.1101060656524031,-0.009660333827826717,0.008888850136408832,0,0.0,0.14500400572169858,0.1179487633768288,0.22897698918280862,1.9355,3.3318946321534275,0.525,3.5,4.62864904620621,weak,fringe
PCAR,"{'VRT', 'RKLB', 'industrials', 'BE'}",sector_top_company|seed_peer,BE|RKLB|VRT,,,,,,,,,,,PACCAR Inc,,,industrials,electrical-equipment-parts,4,2,BE|RKLB|VRT|industrials,0,0,0,new,,,,,,,,,,,,,,,,,,,,,,,,,,,,,,,,,,,,,,,,,,,,,,,,,,,,,,,,,,,,,,,,,,,,,,,,,,,,,,,,,,,Buy,0.009249068,,,,,,,,,,30.267149758454106,3076,0.14674662118650833,0.03168636660264679,0.18959647912377475,0.16142689054117265,3161,89.0,0.16711782425647753,0.0,0.0,0,0,0.0,0.0,1.0,0.0,0.12061203382108335,0.5956358918054877,0.6862175281228922,0.057919096196747365,0.09773521614268099,-0.10982386515698772,-0.07481136264119859,0,1.0,0.0987661020713928,0.2174781357276241,0.034668897789387865,1.875,3.2452319745917833,0.4625,3.2625,4.248717528122892,weak,fringe
EXC,"{'us:Utilities', 'utilities'}",custom_screen|sector_top_company,,,NMS,,,EQUITY,,0.53500366,,48.205,Exelon Corporation,Exelon Corporation,,,utilities,,2,2,us:Utilities|utilities,0,0,0,new,en-US,US,Equity,Nasdaq Real Time Price,True,HIGH,Exelon Corporation,47.91,8610367.0,9430190.0,[],6.4950027,0.15571812,41.71 - 50.65,-2.4449997,-0.04827245,6.5626383,1770903000.0,1777552200.0,1777552200.0,1770908400.0,1770908400.0,True,1.6,0.033564087,REGULAR,2.73,3.04688,2.85253,16.899035,1023175091.0,28.162,46.5248,1.6802025,0.036114126,45.01395,3.1910515,0.07089028,15.821103,1.7117038,15.0,0.0,America/New_York,EDT,-14400000.0,False,False,False,50.72,49322156032.0,45.28,1.1223068,USD,True,105197400000.0,2.0,1774553221.0,48.53,47.68 - 48.53,47.68,4099859.0,47.67,1.0,1.0,us_market,finmb_296181,NasdaqGS,50.65,41.71,2.5 - Hold,USD,Exelon,EXC,,,,1773360000.0,3.52,17.657509,1.68,,,Hold,0.030835846,,,,,,,,,,19.09323671497585,3076,0.10883508252219373,0.10929590658222255,0.08998416421948474,0.12745558879488827,3161,108.0,0.06524937288340756,18.0,0.0,0,0,0.0,0.063,1.0,0.0,0.08425888960850969,0.4937675638336211,0.8818281513968501,0.04575864848008374,0.07226803003745252,-0.041360147011102466,-0.01006163595052112,0,0.0,0.18142177581817576,0.11553111623533674,0.004405219876849609,1.839,2.9451520799261606,0.4,2.85,3.7630781513968503,weak,fringe
FERG,"{'VRT', 'RKLB', 'industrials', 'BE'}",sector_top_company|seed_peer,BE|RKLB|VRT,,,,,,,,,,,Ferguson Enterprises Inc.,,,industrials,electrical-equipment-parts,4,2,BE|RKLB|VRT|industrials,0,0,0,new,,,,,,,,,,,,,,,,,,,,,,,,,,,,,,,,,,,,,,,,,,,,,,,,,,,,,,,,,,,,,,,,,,,,,,,,,,,,,,,,,,,Buy,0.006824099,,,,,,,,,,30.267149758454106,3076,0.129054552364636,-0.02041354741465562,-0.016693158181161016,0.3495363128000788,3161,91.0,0.15280372201721407,1.0,0.0,0,0,0.0,0.0034999999999999996,1.0,0.0,0.09209636761933888,0.43687790544348626,0.5223135831994421,0.0,-0.034563019661492,-0.16719024588019527,-0.14578377758813732,0,1.0,0.043278677504994256,0.006353500228590381,0.2022480800672597,1.8105,2.9560881499196654,0.45,3.1500000000000004,3.8723135831994417,weak,fringe
MMM,"{'VRT', 'RKLB', 'industrials', 'BE'}",sector_top_company|seed_peer,BE|RKLB|VRT,,,,,,,,,,,3M Company,,,industrials,electrical-equipment-parts,4,2,BE|RKLB|VRT|industrials,0,0,0,new,,,,,,,,,,,,,,,,,,,,,,,,,,,,,,,,,,,,,,,,,,,,,,,,,,,,,,,,,,,,,,,,,,,,,,,,,,,,,,,,,,,Buy,0.011639608,,,,,,,,,,30.267149758454106,3076,-0.06680977822892797,-0.0954729557842865,-0.06300132670526826,-0.05628664097490843,3161,129.0,-0.03052861328306094,48.0,0.0,0,0,0.0,0.16799999999999998,1.0,0.0,-0.08746158719475433,-0.2136489525857913,0.513200849304843,0.0,-0.08024122608027828,-0.17037970274330494,-0.1249244503715562,0,1.0,-0.03666105634034833,-0.04104003503575249,-0.15928340478095915,1.804,2.437520509582906,0.125,1.675,2.1007008493048427,weak,fringe
NSC,"{'VRT', 'RKLB', 'industrials', 'BE'}",sector_top_company|seed_peer,BE|RKLB|VRT,,,,,,,,,,,Norfolk Southern Corporation,,,industrials,electrical-equipment-parts,4,2,BE|RKLB|VRT|industrials,0,0,0,new,,,,,,,,,,,,,,,,,,,,,,,,,,,,,,,,,,,,,,,,,,,,,,,,,,,,,,,,,,,,,,,,,,,,,,,,,,,,,,,,,,,Hold,0.009647502,,,,,,,,,,30.267149758454106,3076,0.05802157164706204,-0.0355111349218199,-0.040246121577150684,0.2030556181557157,3161,102.0,0.07946670201448265,6.0,0.0,0,0,0.0,0.020999999999999998,1.0,0.0,0.0270410007064255,0.27788523667247683,0.6735453952645923,0.0,-0.0011257796531729536,-0.11425911165739266,-0.09727430130307169,0,1.0,0.027199452351951425,-0.017751495431225228,0.07175427102131327,1.763,2.812827237158755,0.3125,2.6375,3.3485453952645923,weak,fringe
CTAS,"{'industrials', 'VRT', 'us:Industrials', 'RKLB', 'BE'}",custom_screen|sector_top_company|seed_peer,BE|RKLB|VRT,,NMS,,,EQUITY,,-7.8950043,,168.955,Cintas Corporation,Cintas Corporation,,,industrials,electrical-equipment-parts,5,3,BE|RKLB|VRT|industrials|us:Industrials,0,0,0,new,en-US,US,Equity,Nasdaq Real Time Price,True,HIGH,Cintas Corporation,176.47,2026710.0,2722240.0,[],0.025009155,0.00014804449,168.93 - 229.24,-60.285004,-0.2629777,-14.254546,1774441800.0,1774441800.0,1774441800.0,1774447200.0,1774447200.0,False,0.39,0.0022052585,REGULAR,4.74,5.42415,4.89747,34.498425,400031927.0,11.971,194.0348,-25.079803,-0.12925415,200.3513,-31.396301,-0.15670624,31.148659,14.113692,15.0,0.0,America/New_York,EDT,-14400000.0,False,False,False,168.99,67587395584.0,160.45,-4.4642377,USD,True,430147800000.0,2.0,1774553214.0,176.47,168.93 - 176.47,168.93,2173947.0,176.85,2.0,1.0,us_market,finmb_260725,NasdaqGS,229.24,168.93,2.4 - Buy,USD,Cintas,CTAS,,,,1773360000.0,1.02,35.644516,1.8,,,Buy,0.010319646,,,,,,,,,,38.11207729468599,3076,-0.1357717321145145,-0.11402499252906784,-0.15556886703487405,-0.12684796698687828,3161,153.0,-0.1620467754742272,60.0,0.0,0,0,0.0,0.21,1.0,0.0,-0.15445220394663042,-0.6544127982739933,0.26281039961496555,0.0,-0.16440807048001715,-0.17410649206905537,-0.14157943278370777,0,1.0,-0.056419337305787964,-0.13577716515267346,-0.2221436760610086,1.73,2.077186239768979,0.0625,1.2875,1.3878103996149658,weak,fringe
IR,"{'VRT', 'RKLB', 'industrials', 'BE'}",sector_top_company|seed_peer,BE|RKLB|VRT,,,,,,,,,,,Ingersoll Rand Inc.,,,industrials,electrical-equipment-parts,4,2,BE|RKLB|VRT|industrials,0,0,0,new,,,,,,,,,,,,,,,,,,,,,,,,,,,,,,,,,,,,,,,,,,,,,,,,,,,,,,,,,,,,,,,,,,,,,,,,,,,,,,,,,,,Buy,0.0049185283,,,,,,,,,,30.267149758454106,2230,0.00010159045936264377,0.0019030867341824909,0.00858978696536239,-0.009287354184047025,2293,117.0,0.04020874364858909,24.0,0.0,0,0,0.0,0.08399999999999999,1.0,0.0,-0.020664570280251482,0.000290476020425548,0.503703106861503,0.0,-0.01654139461365145,-0.17370391259847395,-0.12271547729607091,0,1.0,0.06704632812910716,0.032229024797531425,-0.11741361456271371,1.7269999999999999,2.5257718641169014,0.2125,2.1125,2.603703106861503,weak,fringe
T,"{'VOX', 'XLC', 'us:Communication Services', 'communication-services'}",custom_screen|etf_holding|sector_top_company,,VOX|XLC,NYQ,,,EQUITY,,0.20000076,,29.01,AT&T Inc.,AT&T Inc.,,,communication-services,,4,3,VOX|XLC|communication-services|us:Communication Services,0,0,0,new,en-US,US,Equity,Nasdaq Real Time Price,False,LOW,AT&T Inc.,29.07,45308001.0,47293230.0,[],6.0599995,0.26405224,22.95 - 29.79,-0.7800007,-0.026183305,2.163124,1776861000.0,1776861000.0,1776861000.0,1776861000.0,1776861000.0,False,1.11,0.03852829,REGULAR,3.04,2.54491,2.30144,12.605152,7000577201.0,15.706,26.8854,2.1245995,0.07902428,26.86445,2.1455498,0.07986576,11.399224,1.8470647,15.0,0.0,America/New_York,EDT,-14400000.0,False,False,False,29.08,205664927744.0,29.07,0.69420606,USD,True,438273000000.0,2.0,1774553214.0,29.21,28.82 - 29.21,28.82,18890730.0,28.81,3000.0,5400.0,us_market,finmb_100231,NYSE,29.79,22.95,1.9 - Buy,USD,AT&T,T,,,,1769990400.0,3.85,9.542764,1.11,,,Buy,0.029231736,AT&T Inc,0.0509613,State Street Communication Serv,,,,,,,33.74975845410628,3076,0.07184869476609501,0.18601804230228058,0.024364425900178288,0.06224828986391895,3161,112.0,0.054504614048243964,8.0,0.0,0,0,0.0,0.027999999999999997,1.0,0.0,0.05050167979104532,0.28060722984582986,0.9411593910419398,0.053089798228323826,0.07735912715629967,0.0,0.04090417493076015,0,0.0,0.2631323467209592,0.04837338831841387,-0.05368536220128017,1.6589999999999998,2.674399513562158,0.325,2.55,3.35365939104194,weak,fringe
DUK,"{'us:Utilities', 'XLU', 'VPU', 'utilities'}",custom_screen|etf_holding|sector_top_company,,VPU|XLU,NYQ,,,EQUITY,,1.0399933,,129.2,Duke Energy Corporation (Holdin,Duke Energy Corporation,,,utilities,,4,3,VPU|XLU|us:Utilities|utilities,0,0,0,new,en-US,US,Equity,Nasdaq Real Time Price,False,LOW,Duke Energy Corporation,128.33,4383220.0,5559860.0,[],17.979996,0.16166154,111.22 - 134.49,-5.2900085,-0.039333843,7.3296666,1770730200.0,1777984200.0,1777984200.0,1770735600.0,1770735600.0,True,4.22,0.032927588,REGULAR,6.31,7.15565,6.70171,19.27866,778216672.0,65.384,125.0606,4.1393967,0.033099126,121.9674,7.2325974,0.05929943,18.055662,1.9760184,15.0,0.0,America/New_York,EDT,-14400000.0,False,False,False,129.22,100545593344.0,129.19,0.8114804,USD,True,322151400000.0,2.0,1774553221.0,129.86,127.895 - 129.86,127.895,1931885.0,128.16,200.0,200.0,us_market,finmb_267850,NYSE,134.49,111.22,2.3 - Buy,USD,Duke Energy,DUK,,,,1773619200.0,3.32,20.475435,4.26,,,Buy,0.06282931,Duke Energy Corp,0.0693392,State Street Utilities Select S,,,,,,,33.021256038647344,3076,0.08444969330225187,0.10625906272310792,0.044969246085739156,0.11302545580833656,3161,109.0,0.05796851276233399,5.0,0.0,0,0,0.0,0.017499999999999998,1.0,0.0,0.06004194851093261,0.6039625838402566,0.908800720358801,0.038098198028247765,0.06218630558741545,-0.031919747874419646,0.0020941928783002606,0,0.0,0.17818747787870914,0.06946114244912316,-0.008450010111146211,1.6524999999999999,2.796639351032229,0.35,2.65,3.596300720358801,weak,fringe
WFC,"{'us:Financial Services', 'financial-services', 'VFH'}",custom_screen|etf_holding|sector_top_company,,VFH,NYQ,,,EQUITY,,-1.2900009,,78.97,Wells Fargo & Company,Wells Fargo & Company,,,financial-services,,3,3,VFH|financial-services|us:Financial Services,0,0,0,new,en-US,US,Equity,Nasdaq Real Time Price,False,LOW,Wells Fargo & Company,79.89,17257193.0,20012160.0,[],20.550003,0.35176316,58.42 - 97.76,-18.79,-0.1922054,11.040401,1776169800.0,1776169800.0,1776169800.0,1768402800.0,1768402800.0,False,1.7,0.02118116,REGULAR,6.26,7.94341,6.93045,11.394643,3074954752.0,53.194,85.1598,-6.1897964,-0.07268449,84.07815,-5.1081467,-0.060754746,9.941574,1.484566,15.0,0.0,America/New_York,EDT,-14400000.0,False,False,False,79.16,243672645632.0,79.14,-1.6072774,USD,True,76253400000.0,2.0,1774553222.0,80.3,78.73 - 80.3,78.73,9097084.0,80.26,1200.0,100.0,us_market,finmb_292891,NYSE,97.76,58.42,2.0 - Buy,USD,,WFC,,,,1772323200.0,2.24,12.615016,1.8,,,Buy,0.023890339,Wells Fargo & Co,0.029881,Vanguard Financials ETF,,,,,,,26.344444444444445,3076,-0.03201916030796466,-0.16428500129054435,-0.06134827754922556,0.0634428774245861,3161,120.0,0.01971169851590205,17.0,0.0,0,0,0.0,0.0595,1.0,0.0,-0.058777202836133774,-0.11208686208552607,0.4830524046110837,0.0,-0.05183184938223595,-0.1809316583861207,-0.09001849925873695,0,1.0,-0.1099472268898819,-0.03934824186043362,-0.05262115178495985,1.5785,2.34823144276665,0.1875,1.9625,2.408052404611084,weak,fringe
CRH,"{'XLB', 'basic-materials', 'us:Basic Materials', 'VAW'}",custom_screen|etf_holding|sector_top_company,,VAW|XLB,NYQ,,,EQUITY,,-2.475006,,103.575,CRH PLC,CRH plc,,,basic-materials,,4,3,VAW|XLB|basic-materials|us:Basic Materials,0,0,0,new,en-US,US,Equity,Nasdaq Real Time Price,False,LOW,CRH plc,104.77,5152764.0,6514850.0,[],26.824997,0.34951136,76.75 - 131.55,-27.975006,-0.21265683,2.384591,1771448400.0,1777492800.0,1777492800.0,1771506000.0,1771506000.0,True,1.48,0.013955681,REGULAR,5.51,6.62486,5.98091,17.317598,668746111.0,35.899,118.578,-15.003006,-0.12652436,112.2721,-8.697105,-0.07746453,15.634293,2.8851779,15.0,0.0,America/New_York,EDT,-14400000.0,False,False,False,103.6,69266276352.0,103.57,-2.3338106,USD,True,616339800000.0,2.0,1774553224.0,106.2873,103.52 - 106.2873,103.52,2360288.0,106.05,100.0,100.0,us_market,finmb_257151,NYSE,131.55,76.75,1.5 - Buy,USD,CRH,CRH,,,,1775606400.0,1.41,18.79764,1.5,,,Buy,0.04388147,CRH PLC,0.0474093,State Street Materials Select S,,,,,,,31.585024154589373,3076,-0.04861643995441808,-0.18214848212109225,-0.0804617911311607,0.049994932305661655,3161,123.0,0.001658970073686053,20.0,0.0,0,0,0.0,0.06999999999999999,1.0,0.0,-0.07519888689476159,-0.14134345304196577,0.3945587949330056,0.0,-0.06637297531491715,-0.21190442177344804,-0.1383155978699666,0,0.0,-0.12897218237731622,-0.05890973627581664,-0.06460138977242924,1.56,1.9332352769598034,0.1625,1.8375,1.8633087949330056,weak,fringe
UPS,"{'industrials', 'VRT', 'us:Industrials', 'RKLB', 'BE'}",custom_screen|sector_top_company|seed_peer,BE|RKLB|VRT,,NYQ,,,EQUITY,,-1.0100021,,97.36,"United Parcel Service, Inc.","United Parcel Service, Inc.",,,industrials,electrical-equipment-parts,5,3,BE|RKLB|VRT|industrials|us:Industrials,0,0,0,new,en-US,US,Equity,Nasdaq Real Time Price,False,LOW,"United Parcel Service, Inc.",97.89,6580793.0,8020860.0,[],15.360001,0.18731707,82.0 - 122.41,-25.050003,-0.20464016,-11.386358,1777379400.0,1777379400.0,1777379400.0,1777379400.0,1777379400.0,False,6.56,0.066686995,REGULAR,6.56,7.96655,7.041,13.827581,745633402.0,19.113,108.391,-11.030998,-0.10177042,97.228,0.13200378,0.0013576726,12.2211,5.093915,15.0,0.0,America/New_York,EDT,-14400000.0,False,False,False,97.36,82724151296.0,97.36,-1.0267379,USD,True,942244200000.0,2.0,1774553222.0,98.9399,97.2 - 98.9399,97.2,2167814.0,98.37,300.0,200.0,us_market,finmb_238570,NYSE,122.41,82.0,2.3 - Buy,USD,United Parcel Service,UPS,,,,1772668800.0,6.67,14.841464,6.56,,,Buy,0.01261798,,,,,,,,,,39.35990338164252,3076,0.012875752666838033,-0.02809664011189672,0.16060784539991624,-0.11437014367687282,3161,117.0,0.04368389174227862,0.0,0.0,0,0,0.0,0.0,1.0,0.0,-0.0022678379819346534,0.047922015010756984,0.4613095238095236,0.001074384321160989,0.0006209919858715107,-0.18854166666666672,-0.14470793759269107,0,1.0,0.035096033934157944,0.18781006898165487,-0.2110276809035705,1.525,2.4236803448784103,0.225,2.2,2.7175595238095234,weak,fringe
SO,"{'us:Utilities', 'XLU', 'VPU', 'utilities'}",custom_screen|etf_holding|sector_top_company,,VPU|XLU,NYQ,,,EQUITY,,0.5,,95.11,Southern Company (The),The Southern Company,,,utilities,,4,3,VPU|XLU|us:Utilities|utilities,0,0,0,new,en-US,US,Equity,Nasdaq Real Time Price,False,LOW,The Southern Company,94.59,5980652.0,5801390.0,[],12.020004,0.14466247,83.09 - 100.84,-5.7299957,-0.05682265,5.0742626,1777552200.0,1777552200.0,1777552200.0,1777568400.0,1777568400.0,False,2.94,0.03107494,REGULAR,3.92,4.91542,4.56563,20.831738,1119391291.0,32.179,92.5638,2.5462036,0.027507553,92.034,3.076004,0.033422478,19.349314,2.9556541,15.0,0.0,America/New_York,EDT,-14400000.0,False,False,False,95.1,106465304576.0,95.09,0.52848536,USD,True,378657000000.0,2.0,1774553221.0,95.53,94.36 - 95.53,94.36,1767378.0,94.61,200.0,300.0,us_market,finmb_120623,NYSE,100.84,83.09,2.5 - Buy,USD,,SO,,,,1772755200.0,3.13,24.262754,2.96,,,Buy,0.06655763,Southern Co,0.0730655,State Street Utilities Select S,,,,,,,33.073913043478264,3076,0.056805286345669434,0.10094106758536148,0.007417587834603223,0.08412509423688963,3161,117.0,0.03435167450480194,9.0,0.0,0,0,0.0,0.0315,1.0,0.0,0.03323800671176071,0.30328086496705187,0.8679243880712837,0.02138589072376466,0.0356768027443799,-0.04035619442015759,-0.008441409796327348,0,0.0,0.172523709336746,0.031029351767674074,-0.03419618965664528,1.5194999999999999,2.5141361672770293,0.3,2.325,3.1491743880712835,weak,fringe
ITW,"{'VRT', 'RKLB', 'industrials', 'BE'}",sector_top_company|seed_peer,BE|RKLB|VRT,,,,,,,,,,,Illinois Tool Works Inc.,,,industrials,electrical-equipment-parts,4,2,BE|RKLB|VRT|industrials,0,0,0,new,,,,,,,,,,,,,,,,,,,,,,,,,,,,,,,,,,,,,,,,,,,,,,,,,,,,,,,,,,,,,,,,,,,,,,,,,,,,,,,,,,,Hold,0.011474781,,,,,,,,,,30.267149758454106,3076,0.018500268178766176,0.03597670155067911,0.005124121984719565,0.02313819768685632,3161,117.0,0.04176207242864294,0.0,0.0,0,0,0.0,0.0,1.0,0.0,-0.0032708621859601564,0.07770318963698075,0.6308412105047696,0.003943652857235709,0.010407484239064457,-0.12920557632333063,-0.09957194919003176,0,1.0,0.1033353924681959,0.028682131868933203,-0.08852698356793154,1.5,2.505870918017203,0.2625,2.2875,2.962091210504769,weak,fringe
UNP,"{'VRT', 'RKLB', 'industrials', 'BE'}",sector_top_company|seed_peer,BE|RKLB|VRT,,,,,,,,,,,Union Pacific Corporation,,,industrials,electrical-equipment-parts,4,2,BE|RKLB|VRT|industrials,0,0,0,new,,,,,,,,,,,,,,,,,,,,,,,,,,,,,,,,,,,,,,,,,,,,,,,,,,,,,,,,,,,,,,,,,,,,,,,,,,,,,,,,,,,Buy,0.02161281,,,,,,,,,,30.267149758454106,3076,0.023240374998567147,0.019367942687686934,0.036139073303458336,0.012277892849116068,3161,117.0,0.035016489812709356,3.0,0.0,0,0,0.0,0.010499999999999999,1.0,0.0,0.002018153203454623,0.1002578933174359,0.6972907225233653,0.019056286304805308,0.031502430037224194,-0.10594824711682216,-0.09674551538848153,0,1.0,0.08564674034785402,0.0604240088615704,-0.09820199602686086,1.4815,2.5854082052969023,0.275,2.2750000000000004,3.0972907225233652,weak,fringe
ECL,"{'XLB', 'basic-materials', 'VAW'}",etf_holding|sector_top_company,,VAW|XLB,,,,,,,,,,Ecolab Inc.,,,basic-materials,,3,2,VAW|XLB|basic-materials,0,0,0,new,,,,,,,,,,,,,,,,,,,,,,,,,,,,,,,,,,,,,,,,,,,,,,,,,,,,,,,,,,,,,,,,,,,,,,,,,ECL,,,,,,,,,,Buy,0.04737776,Ecolab Inc,0.0463387,State Street Materials Select S,,,,,,,23.267149758454106,3076,0.016328739535413694,-0.0018130259365993773,-0.010262135709269704,0.05199049751610363,3161,122.0,0.008610981788512516,9.0,0.0,0,0,0.0,0.0315,1.0,0.0,-0.0073376280197611915,0.07785607230691065,0.5914661403769543,0.0,-0.02793699979892794,-0.14298685086806595,-0.13787022302862584,0,1.0,0.06308859565700042,0.012935252433899258,-0.06282362031180244,1.4695,2.4529296842261727,0.25,2.125,2.8227161403769543,weak,fringe
RSG,"{'VRT', 'RKLB', 'industrials', 'BE'}",sector_top_company|seed_peer,BE|RKLB|VRT,,,,,,,,,,,"Republic Services, Inc.",,,industrials,electrical-equipment-parts,4,2,BE|RKLB|VRT|industrials,0,0,0,new,,,,,,,,,,,,,,,,,,,,,,,,,,,,,,,,,,,,,,,,,,,,,,,,,,,,,,,,,,,,,,,,,,,,,,,,,,,,,,,,,,,Buy,0.010236596,,,,,,,,,,30.267149758454106,3076,-0.05053085576174854,0.01745987638848101,-0.0467018267468462,-0.08835525085176565,3161,136.0,-0.06922191570445815,0.0,0.0,0,0,0.0,0.0,1.0,0.0,-0.06816130118848994,-0.30580994284135177,0.5428703466603111,0.0,-0.04623324356443903,-0.06668965087284251,-0.02170674506108683,0,1.0,0.0836146125249615,-0.024358508845216953,-0.18785205038848862,1.25,2.0682222079961865,0.15,1.7,2.205370346660311,weak,fringe
IBM,"{'MU', 'WDC', 'LITE', 'technology', 'SNDK', 'LRCX'}",sector_top_company|seed_peer,LITE|LRCX|MU|SNDK|WDC,,,,,,,,,,,International Business Machines Corporation,,,technology,computer-hardware,6,2,LITE|LRCX|MU|SNDK|WDC|technology,0,0,0,new,,,,,,,,,,,,,,,,,,,,,,,,,,,,,,,,,,,,,,,,,,,,,,,,,,,,,,,,,,,,,,,,,,,,,,,,,,,,,,,,,,,Buy,0.0108136395,,,,,,,,,,42.26714975845411,3076,-0.09265442221561516,-0.20439132460132914,-0.09658728537283678,-0.032853107865536524,3161,140.0,-0.09900026230301055,0.0,0.0,0,0,0.0,0.0,1.0,0.0,-0.11606048193031614,-0.20249923092031827,0.3351958311311647,0.0,-0.1278274227343441,-0.23207195372320166,0.01747078080563247,0,0.0,-0.15266124343516274,-0.07541317841907436,-0.1384074046891346,1.225,1.6023674986786989,0.1125,1.5625,1.5476958311311646,weak,fringe
SNOW,"{'MU', 'WDC', 'LITE', 'technology', 'SNDK', 'LRCX'}",sector_top_company|seed_peer,LITE|LRCX|MU|SNDK|WDC,,,,,,,,,,,Snowflake Inc.,,,technology,computer-hardware,6,2,LITE|LRCX|MU|SNDK|WDC|technology,0,0,0,new,,,,,,,,,,,,,,,,,,,,,,,,,,,,,,,,,,,,,,,,,,,,,,,,,,,,,,,,,,,,,,,,,,,,,,,,,,,,,,,,,,,Strong Buy,0.0026434544,,,,,,,,,,42.26714975845411,1388,-0.16623865755171047,-0.27969793428132594,-0.27151011342935183,-0.004237563309261394,1428,142.0,-0.10363728823229622,0.0,0.0,0,0,0.0,0.0,1.0,0.0,-0.1935131660772832,-0.30417028876227464,0.0,0.0,-0.24327801446733455,-0.3086598719414595,-0.04178244219429694,0,0.0,-0.23286425149737044,-0.2544358321808894,-0.11291495726363332,1.175,1.2712500000000002,0.05,1.325,0.9,weak,fringe
ACN,"{'MU', 'WDC', 'LITE', 'technology', 'SNDK', 'LRCX'}",sector_top_company|seed_peer,LITE|LRCX|MU|SNDK|WDC,,,,,,,,,,,Accenture plc,,,technology,computer-hardware,6,2,LITE|LRCX|MU|SNDK|WDC|technology,0,0,0,new,,,,,,,,,,,,,,,,,,,,,,,,,,,,,,,,,,,,,,,,,,,,,,,,,,,,,,,,,,,,,,,,,,,,,,,,,,,,,,,,,,,Buy,0.005794385,,,,,,,,,,42.26714975845411,3076,-0.2736854909893754,-0.27632306053553013,-0.18039988519529215,-0.3656523120103813,3161,170.0,-0.27810620405865155,0.0,0.0,0,0,0.0,0.0,1.0,0.0,-0.28428403453556134,-0.6196306789813042,0.0,0.0,-0.2462042349959619,-0.32089141489806483,0.02323758197515513,0,0.0,-0.22926994513577503,-0.1611901705109544,-0.43488494326006133,1.05,1.0925,0.025,1.125,0.6625,weak,fringe
ADP,"{'MU', 'WDC', 'LITE', 'technology', 'SNDK', 'LRCX'}",sector_top_company|seed_peer,LITE|LRCX|MU|SNDK|WDC,,,,,,,,,,,"Automatic Data Processing, Inc.",,,technology,computer-hardware,6,2,LITE|LRCX|MU|SNDK|WDC|technology,0,0,0,new,,,,,,,,,,,,,,,,,,,,,,,,,,,,,,,,,,,,,,,,,,,,,,,,,,,,,,,,,,,,,,,,,,,,,,,,,,,,,,,,,,,Hold,0.0039285403,,,,,,,,,,42.26714975845411,3076,-0.2888089319872187,-0.20631495716306347,-0.30022298246877677,-0.31864186891773816,3161,172.0,-0.2964042579377041,0.0,0.0,0,0,0.0,0.0,1.0,0.0,-0.3016727440189423,-1.102335059618757,0.0,0.0,-0.2570769734741497,-0.2331967181614013,-0.047911315704310065,0,0.0,-0.15470994963124696,-0.2838216708942479,-0.39300521433748437,1.025,1.04125,0.0125,1.0625,0.575,weak,fringe
